Group,Optimizer,JoinOrder,ExecutionTime
30c.sql,Dynamic Programming,10--3---7--4---9--6---8--5---1--0---2----11-----,2321.05
6f.sql,Dynamic Programming,4--2---1---3--0---,2409.92
22b.sql,Dynamic Programming,7--2---9--4---6--0---1---10--5---8--3------,907.009
24b.sql,Dynamic Programming,2--1---10---9--0----11--8---7---6---5---4---3---,1348.49
6d.sql,Dynamic Programming,4--2---1---3--0---,416.609
17d.sql,Dynamic Programming,6--4---3---2---1---5--0---,1257.05
13b.sql,Dynamic Programming,6--3---5--0---1---8--7---4---2----,1156.92
17e.sql,Dynamic Programming,6--4---3---2---1---5--0---,3111.66
5a.sql,Dynamic Programming,4--3---2---1---0--,953.725
15d.sql,Dynamic Programming,6--3---7--4---5--1---2---8--0-----,1720.59
16a.sql,Dynamic Programming,6--0---1---7--5---4---3---2---,4318.27
11c.sql,Dynamic Programming,5--2---4--0---1---7--6---3----,163.407
10a.sql,Dynamic Programming,6--4---3---2---5--1----0--,947.737
11a.sql,Dynamic Programming,5--2---4--0---1---7--6---3----,165.803
5c.sql,Dynamic Programming,4--3---2---1---0--,1391.61
29b.sql,Dynamic Programming,5--4---15---14--0---8---13----11--7---12--9---10--6---2--1---3---16------,1111.1
8a.sql,Dynamic Programming,6--5--3--2---4--1------0--,593.454
12a.sql,Dynamic Programming,5--2---4--0---1---7--6---3----,615.567
14c.sql,Dynamic Programming,4--0---7--6---5---3---2---1---,1571.72
19a.sql,Dynamic Programming,2--1---8---7--0----9--6---5---4---3---,1455.54
16c.sql,Dynamic Programming,6--0---1---7--5---4---3---2---,4276.23
4b.sql,Dynamic Programming,4--3---2---1---0--,120.574
33a.sql,Dynamic Programming,7--0---12--4---9--2---11--6----10--3-----13--5-----8--1---,468.26
3a.sql,Dynamic Programming,3--2---1---0--,1074.4
1b.sql,Dynamic Programming,4--3---2---1---0--,390.14
18a.sql,Dynamic Programming,6--4---3---2---1---5--0---,5293.72
15b.sql,Dynamic Programming,6--3---7--4---5--1---2---8--0-----,541.77
23c.sql,Dynamic Programming,8--4---9--5---7--2---3---10--6---1--0------,629.361
26b.sql,Dynamic Programming,4--3---10---9--6---11--7---8--5---1--0---2------,747.411
19c.sql,Dynamic Programming,2--1---8---7--0----9--6---5---4---3---,1531.16
17f.sql,Dynamic Programming,6--4---3---2---1---5--0---,1923.01
27c.sql,Dynamic Programming,9--5---7--3---4---1--0---2---10--6----11-----8--,950.159
6c.sql,Dynamic Programming,4--2---1---3--0---,259.353
28a.sql,Dynamic Programming,10--5---12--7---9--3---4---13--8---11--6---1--0---2-------,1365.68
32a.sql,Dynamic Programming,5--4--3----2---1---0--,362.822
11d.sql,Dynamic Programming,5--2---4--0---1---7--6---3----,247.962
19d.sql,Dynamic Programming,2--1---8---7--0----9--6---5---4---3---,4300.57
4c.sql,Dynamic Programming,4--3---2---1---0--,524.344
26a.sql,Dynamic Programming,4--3---10---9--6---11--7---8--5---1--0---2------,865.255
10c.sql,Dynamic Programming,6--4---3---2---5--1----0--,1332.59
5b.sql,Dynamic Programming,4--3---2---1---0--,650.927
9b.sql,Dynamic Programming,7--4---3---6--2----1---5--0---,739.116
10b.sql,Dynamic Programming,6--4---3---2---5--1----0--,835.807
6a.sql,Dynamic Programming,4--2---1---3--0---,323.089
30a.sql,Dynamic Programming,10--3---7--4---9--6---8--5---1--0---2----11-----,1642.01
23b.sql,Dynamic Programming,8--4---9--5---7--2---3---10--6---1--0------,455.163
31a.sql,Dynamic Programming,9--0---6--2---8--4---5--1---7--3---10------,1672.69
8b.sql,Dynamic Programming,6--5--3--2---4--1------0--,476.649
2d.sql,Dynamic Programming,4--3---2---1---0--,1102.33
15a.sql,Dynamic Programming,6--3---7--4---5--1---2---8--0-----,561.489
15c.sql,Dynamic Programming,6--3---7--4---5--1---2---8--0-----,1283.25
33c.sql,Dynamic Programming,7--0---12--4---9--2---11--6----10--3-----13--5-----8--1---,1263.62
2c.sql,Dynamic Programming,4--3---2---1---0--,1103.54
21a.sql,Dynamic Programming,6--2---4--0---1---8--7---3-----5--,966.78
17a.sql,Dynamic Programming,6--4---3---2---1---5--0---,1458.08
13c.sql,Dynamic Programming,6--3---5--0---1---8--7---4---2----,1091.98
31b.sql,Dynamic Programming,9--0---6--2---8--4---5--1---7--3---10------,1666.08
20c.sql,Dynamic Programming,8--4---3---7--5---9--6---1--0---2-----,1328.84
7b.sql,Dynamic Programming,7--4---3---1---6--0---2---5---,371.748
21c.sql,Dynamic Programming,6--2---4--0---1---8--7---3-----5--,971.127
7c.sql,Dynamic Programming,7--4---3---1---6--0---2---5---,1680.19
25b.sql,Dynamic Programming,7--0---8--6---5---4---3---2---1---,1199.87
9d.sql,Dynamic Programming,7--4---3---6--2----1---5--0---,1254.22
28c.sql,Dynamic Programming,10--5---12--7---9--3---4---13--8---11--6---1--0---2-------,1400.52
14a.sql,Dynamic Programming,4--0---7--6---5---3---2---1---,1310.74
25a.sql,Dynamic Programming,7--0---8--6---5---4---3---2---1---,2989.55
12c.sql,Dynamic Programming,5--2---4--0---1---7--6---3----,879.986
16d.sql,Dynamic Programming,6--0---1---7--5---4---3---2---,4452.62
20a.sql,Dynamic Programming,8--4---3---7--5---9--6---1--0---2-----,1017.7
6e.sql,Dynamic Programming,4--2---1---3--0---,417.443
3c.sql,Dynamic Programming,3--2---1---0--,1762.29
8c.sql,Dynamic Programming,6--5--3--2---4--1------0--,4642.25
11b.sql,Dynamic Programming,5--2---4--0---1---7--6---3----,114.969
21b.sql,Dynamic Programming,6--2---4--0---1---8--7---3-----5--,540.357
19b.sql,Dynamic Programming,2--1---8---7--0----9--6---5---4---3---,1119.31
24a.sql,Dynamic Programming,2--1---10---9--0----11--8---7---6---5---4---3---,1561.92
1a.sql,Dynamic Programming,4--3---2---1---0--,320.55
23a.sql,Dynamic Programming,8--4---9--5---7--2---3---10--6---1--0------,540.265
29c.sql,Dynamic Programming,5--4---15---14--0---8---13----11--7---12--9---10--6---2--1---3---16------,1515.58
22a.sql,Dynamic Programming,7--2---9--4---6--0---1---10--5---8--3------,916.863
26c.sql,Dynamic Programming,4--3---10---9--6---11--7---8--5---1--0---2------,990.688
27a.sql,Dynamic Programming,9--5---7--3---4---1--0---2---10--6----11-----8--,649.998
17c.sql,Dynamic Programming,6--4---3---2---1---5--0---,1190.35
30b.sql,Dynamic Programming,10--3---7--4---9--6---8--5---1--0---2----11-----,1620.24
3b.sql,Dynamic Programming,3--2---1---0--,535.999
18b.sql,Dynamic Programming,6--4---3---2---1---5--0---,1308.51
33b.sql,Dynamic Programming,7--0---12--4---9--2---11--6----10--3-----13--5-----8--1---,428.792
1c.sql,Dynamic Programming,4--3---2---1---0--,148.533
31c.sql,Dynamic Programming,9--0---6--2---8--4---5--1---7--3---10------,2465.3
28b.sql,Dynamic Programming,10--5---12--7---9--3---4---13--8---11--6---1--0---2-------,782.583
7a.sql,Dynamic Programming,7--4---3---1---6--0---2---5---,599.724
4a.sql,Dynamic Programming,4--3---2---1---0--,310.442
16b.sql,Dynamic Programming,6--0---1---7--5---4---3---2---,6166.3
18c.sql,Dynamic Programming,6--4---3---2---1---5--0---,2209.48
20b.sql,Dynamic Programming,8--4---3---7--5---9--6---1--0---2-----,472.435
9a.sql,Dynamic Programming,7--4---3---6--2----1---5--0---,943.547
22c.sql,Dynamic Programming,7--2---9--4---6--0---1---10--5---8--3------,1452.19
22d.sql,Dynamic Programming,7--2---9--4---6--0---1---10--5---8--3------,1577.03
2b.sql,Dynamic Programming,4--3---2---1---0--,1097.06
8d.sql,Dynamic Programming,6--5--3--2---4--1------0--,3367.31
32b.sql,Dynamic Programming,5--4--3----2---1---0--,366.554
9c.sql,Dynamic Programming,7--4---3---6--2----1---5--0---,1166.73
12b.sql,Dynamic Programming,5--2---4--0---1---7--6---3----,228.7
17b.sql,Dynamic Programming,6--4---3---2---1---5--0---,1280.29
1d.sql,Dynamic Programming,4--3---2---1---0--,456.804
27b.sql,Dynamic Programming,9--5---7--3---4---1--0---2---10--6----11-----8--,631.425
13a.sql,Dynamic Programming,6--3---5--0---1---8--7---4---2----,1827.08
25c.sql,Dynamic Programming,7--0---8--6---5---4---3---2---1---,4814.71
6b.sql,Dynamic Programming,4--2---1---3--0---,289.733
2a.sql,Dynamic Programming,4--3---2---1---0--,1142.14
13d.sql,Dynamic Programming,6--3---5--0---1---8--7---4---2----,1377.97
29a.sql,Dynamic Programming,5--4---15---14--0---8---13----11--7---12--9---10--6---2--1---3---16------,1296.86
14b.sql,Dynamic Programming,4--0---7--6---5---3---2---1---,1183.12
30c.sql,Dynamic Programming,10--3---7--4---9--6---8--5---1--0---2----11-----,2332.4
6f.sql,Dynamic Programming,4--2---1---3--0---,2401.09
22b.sql,Dynamic Programming,7--2---9--4---6--0---1---10--5---8--3------,926.473
24b.sql,Dynamic Programming,2--1---10---9--0----11--8---7---6---5---4---3---,1344.29
6d.sql,Dynamic Programming,4--2---1---3--0---,417.162
17d.sql,Dynamic Programming,6--4---3---2---1---5--0---,1262.12
13b.sql,Dynamic Programming,6--3---5--0---1---8--7---4---2----,1169.36
17e.sql,Dynamic Programming,6--4---3---2---1---5--0---,3121.38
5a.sql,Dynamic Programming,4--3---2---1---0--,948.691
15d.sql,Dynamic Programming,6--3---7--4---5--1---2---8--0-----,1720.5
16a.sql,Dynamic Programming,6--0---1---7--5---4---3---2---,4325.08
11c.sql,Dynamic Programming,5--2---4--0---1---7--6---3----,165.623
10a.sql,Dynamic Programming,6--4---3---2---5--1----0--,944.863
11a.sql,Dynamic Programming,5--2---4--0---1---7--6---3----,164.702
5c.sql,Dynamic Programming,4--3---2---1---0--,1387.12
29b.sql,Dynamic Programming,5--4---15---14--0---8---13----11--7---12--9---10--6---2--1---3---16------,1097.72
8a.sql,Dynamic Programming,6--5--3--2---4--1------0--,589.97
12a.sql,Dynamic Programming,5--2---4--0---1---7--6---3----,613.917
14c.sql,Dynamic Programming,4--0---7--6---5---3---2---1---,1576.26
19a.sql,Dynamic Programming,2--1---8---7--0----9--6---5---4---3---,1449.48
16c.sql,Dynamic Programming,6--0---1---7--5---4---3---2---,4276.12
4b.sql,Dynamic Programming,4--3---2---1---0--,121.906
33a.sql,Dynamic Programming,7--0---12--4---9--2---11--6----10--3-----13--5-----8--1---,469.557
3a.sql,Dynamic Programming,3--2---1---0--,1077.06
1b.sql,Dynamic Programming,4--3---2---1---0--,391.96
18a.sql,Dynamic Programming,6--4---3---2---1---5--0---,5287.77
15b.sql,Dynamic Programming,6--3---7--4---5--1---2---8--0-----,540.734
23c.sql,Dynamic Programming,8--4---9--5---7--2---3---10--6---1--0------,635.882
26b.sql,Dynamic Programming,4--3---10---9--6---11--7---8--5---1--0---2------,744.436
19c.sql,Dynamic Programming,2--1---8---7--0----9--6---5---4---3---,1523.76
17f.sql,Dynamic Programming,6--4---3---2---1---5--0---,1928.37
27c.sql,Dynamic Programming,9--5---7--3---4---1--0---2---10--6----11-----8--,958.601
6c.sql,Dynamic Programming,4--2---1---3--0---,258.722
28a.sql,Dynamic Programming,10--5---12--7---9--3---4---13--8---11--6---1--0---2-------,1365.64
32a.sql,Dynamic Programming,5--4--3----2---1---0--,362.579
11d.sql,Dynamic Programming,5--2---4--0---1---7--6---3----,249.116
19d.sql,Dynamic Programming,2--1---8---7--0----9--6---5---4---3---,4274.94
4c.sql,Dynamic Programming,4--3---2---1---0--,527.868
26a.sql,Dynamic Programming,4--3---10---9--6---11--7---8--5---1--0---2------,862.912
10c.sql,Dynamic Programming,6--4---3---2---5--1----0--,1334.39
5b.sql,Dynamic Programming,4--3---2---1---0--,643.246
9b.sql,Dynamic Programming,7--4---3---6--2----1---5--0---,735.607
10b.sql,Dynamic Programming,6--4---3---2---5--1----0--,836.62
6a.sql,Dynamic Programming,4--2---1---3--0---,318.53
30a.sql,Dynamic Programming,10--3---7--4---9--6---8--5---1--0---2----11-----,1632.27
23b.sql,Dynamic Programming,8--4---9--5---7--2---3---10--6---1--0------,458.22
31a.sql,Dynamic Programming,9--0---6--2---8--4---5--1---7--3---10------,1656.61
8b.sql,Dynamic Programming,6--5--3--2---4--1------0--,467.457
2d.sql,Dynamic Programming,4--3---2---1---0--,1101.55
15a.sql,Dynamic Programming,6--3---7--4---5--1---2---8--0-----,560.24
15c.sql,Dynamic Programming,6--3---7--4---5--1---2---8--0-----,1279.84
33c.sql,Dynamic Programming,7--0---12--4---9--2---11--6----10--3-----13--5-----8--1---,1267.06
2c.sql,Dynamic Programming,4--3---2---1---0--,1101.88
21a.sql,Dynamic Programming,6--2---4--0---1---8--7---3-----5--,966.759
17a.sql,Dynamic Programming,6--4---3---2---1---5--0---,1454.97
13c.sql,Dynamic Programming,6--3---5--0---1---8--7---4---2----,1094.46
31b.sql,Dynamic Programming,9--0---6--2---8--4---5--1---7--3---10------,1663.94
20c.sql,Dynamic Programming,8--4---3---7--5---9--6---1--0---2-----,1326.12
7b.sql,Dynamic Programming,7--4---3---1---6--0---2---5---,372.586
21c.sql,Dynamic Programming,6--2---4--0---1---8--7---3-----5--,982.893
7c.sql,Dynamic Programming,7--4---3---1---6--0---2---5---,1684.95
25b.sql,Dynamic Programming,7--0---8--6---5---4---3---2---1---,1198.93
9d.sql,Dynamic Programming,7--4---3---6--2----1---5--0---,1253.44
28c.sql,Dynamic Programming,10--5---12--7---9--3---4---13--8---11--6---1--0---2-------,1399.03
14a.sql,Dynamic Programming,4--0---7--6---5---3---2---1---,1311.44
25a.sql,Dynamic Programming,7--0---8--6---5---4---3---2---1---,2971.47
12c.sql,Dynamic Programming,5--2---4--0---1---7--6---3----,882.834
16d.sql,Dynamic Programming,6--0---1---7--5---4---3---2---,4466.17
20a.sql,Dynamic Programming,8--4---3---7--5---9--6---1--0---2-----,1013.01
6e.sql,Dynamic Programming,4--2---1---3--0---,414.817
3c.sql,Dynamic Programming,3--2---1---0--,1761.83
8c.sql,Dynamic Programming,6--5--3--2---4--1------0--,4617.3
11b.sql,Dynamic Programming,5--2---4--0---1---7--6---3----,113.703
21b.sql,Dynamic Programming,6--2---4--0---1---8--7---3-----5--,536.031
19b.sql,Dynamic Programming,2--1---8---7--0----9--6---5---4---3---,1120.11
24a.sql,Dynamic Programming,2--1---10---9--0----11--8---7---6---5---4---3---,1545.81
1a.sql,Dynamic Programming,4--3---2---1---0--,321.192
23a.sql,Dynamic Programming,8--4---9--5---7--2---3---10--6---1--0------,538.625
29c.sql,Dynamic Programming,5--4---15---14--0---8---13----11--7---12--9---10--6---2--1---3---16------,1503.95
22a.sql,Dynamic Programming,7--2---9--4---6--0---1---10--5---8--3------,922.187
26c.sql,Dynamic Programming,4--3---10---9--6---11--7---8--5---1--0---2------,988.152
27a.sql,Dynamic Programming,9--5---7--3---4---1--0---2---10--6----11-----8--,644.24
17c.sql,Dynamic Programming,6--4---3---2---1---5--0---,1188.47
30b.sql,Dynamic Programming,10--3---7--4---9--6---8--5---1--0---2----11-----,1620.95
3b.sql,Dynamic Programming,3--2---1---0--,541.692
18b.sql,Dynamic Programming,6--4---3---2---1---5--0---,1314.52
33b.sql,Dynamic Programming,7--0---12--4---9--2---11--6----10--3-----13--5-----8--1---,428.041
1c.sql,Dynamic Programming,4--3---2---1---0--,146.422
31c.sql,Dynamic Programming,9--0---6--2---8--4---5--1---7--3---10------,2451.53
28b.sql,Dynamic Programming,10--5---12--7---9--3---4---13--8---11--6---1--0---2-------,805.89
7a.sql,Dynamic Programming,7--4---3---1---6--0---2---5---,600.943
4a.sql,Dynamic Programming,4--3---2---1---0--,310.165
16b.sql,Dynamic Programming,6--0---1---7--5---4---3---2---,6175.12
18c.sql,Dynamic Programming,6--4---3---2---1---5--0---,2220.19
20b.sql,Dynamic Programming,8--4---3---7--5---9--6---1--0---2-----,472.645
9a.sql,Dynamic Programming,7--4---3---6--2----1---5--0---,938.114
22c.sql,Dynamic Programming,7--2---9--4---6--0---1---10--5---8--3------,1453.43
22d.sql,Dynamic Programming,7--2---9--4---6--0---1---10--5---8--3------,1582.27
2b.sql,Dynamic Programming,4--3---2---1---0--,1092.87
8d.sql,Dynamic Programming,6--5--3--2---4--1------0--,3379.79
32b.sql,Dynamic Programming,5--4--3----2---1---0--,369.762
9c.sql,Dynamic Programming,7--4---3---6--2----1---5--0---,1153.62
12b.sql,Dynamic Programming,5--2---4--0---1---7--6---3----,231.252
17b.sql,Dynamic Programming,6--4---3---2---1---5--0---,1272.28
1d.sql,Dynamic Programming,4--3---2---1---0--,457.662
27b.sql,Dynamic Programming,9--5---7--3---4---1--0---2---10--6----11-----8--,631.307
13a.sql,Dynamic Programming,6--3---5--0---1---8--7---4---2----,1827.75
25c.sql,Dynamic Programming,7--0---8--6---5---4---3---2---1---,4801.37
6b.sql,Dynamic Programming,4--2---1---3--0---,290.833
2a.sql,Dynamic Programming,4--3---2---1---0--,1153.1
13d.sql,Dynamic Programming,6--3---5--0---1---8--7---4---2----,1382.9
29a.sql,Dynamic Programming,5--4---15---14--0---8---13----11--7---12--9---10--6---2--1---3---16------,1288.19
14b.sql,Dynamic Programming,4--0---7--6---5---3---2---1---,1188.61
30c.sql,Dynamic Programming,10--3---7--4---9--6---8--5---1--0---2----11-----,2323.67
6f.sql,Dynamic Programming,4--2---1---3--0---,2409.8
22b.sql,Dynamic Programming,7--2---9--4---6--0---1---10--5---8--3------,903.391
24b.sql,Dynamic Programming,2--1---10---9--0----11--8---7---6---5---4---3---,1342.58
6d.sql,Dynamic Programming,4--2---1---3--0---,413.645
17d.sql,Dynamic Programming,6--4---3---2---1---5--0---,1261
13b.sql,Dynamic Programming,6--3---5--0---1---8--7---4---2----,1167.27
17e.sql,Dynamic Programming,6--4---3---2---1---5--0---,3129.76
5a.sql,Dynamic Programming,4--3---2---1---0--,958.838
15d.sql,Dynamic Programming,6--3---7--4---5--1---2---8--0-----,1719.89
16a.sql,Dynamic Programming,6--0---1---7--5---4---3---2---,4320.51
11c.sql,Dynamic Programming,5--2---4--0---1---7--6---3----,164.19
10a.sql,Dynamic Programming,6--4---3---2---5--1----0--,948.244
11a.sql,Dynamic Programming,5--2---4--0---1---7--6---3----,163.263
5c.sql,Dynamic Programming,4--3---2---1---0--,1388.72
29b.sql,Dynamic Programming,5--4---15---14--0---8---13----11--7---12--9---10--6---2--1---3---16------,1099.48
8a.sql,Dynamic Programming,6--5--3--2---4--1------0--,594.472
12a.sql,Dynamic Programming,5--2---4--0---1---7--6---3----,611.496
14c.sql,Dynamic Programming,4--0---7--6---5---3---2---1---,1584.08
19a.sql,Dynamic Programming,2--1---8---7--0----9--6---5---4---3---,1441.6
16c.sql,Dynamic Programming,6--0---1---7--5---4---3---2---,4289.72
4b.sql,Dynamic Programming,4--3---2---1---0--,119.923
33a.sql,Dynamic Programming,7--0---12--4---9--2---11--6----10--3-----13--5-----8--1---,468.485
3a.sql,Dynamic Programming,3--2---1---0--,1064.7
1b.sql,Dynamic Programming,4--3---2---1---0--,388.183
18a.sql,Dynamic Programming,6--4---3---2---1---5--0---,5289.84
15b.sql,Dynamic Programming,6--3---7--4---5--1---2---8--0-----,543.338
23c.sql,Dynamic Programming,8--4---9--5---7--2---3---10--6---1--0------,631.774
26b.sql,Dynamic Programming,4--3---10---9--6---11--7---8--5---1--0---2------,742.621
19c.sql,Dynamic Programming,2--1---8---7--0----9--6---5---4---3---,1527.94
17f.sql,Dynamic Programming,6--4---3---2---1---5--0---,1943.95
27c.sql,Dynamic Programming,9--5---7--3---4---1--0---2---10--6----11-----8--,949.731
6c.sql,Dynamic Programming,4--2---1---3--0---,257.21
28a.sql,Dynamic Programming,10--5---12--7---9--3---4---13--8---11--6---1--0---2-------,1369.06
32a.sql,Dynamic Programming,5--4--3----2---1---0--,362.265
11d.sql,Dynamic Programming,5--2---4--0---1---7--6---3----,247.144
19d.sql,Dynamic Programming,2--1---8---7--0----9--6---5---4---3---,4263.67
4c.sql,Dynamic Programming,4--3---2---1---0--,527.929
26a.sql,Dynamic Programming,4--3---10---9--6---11--7---8--5---1--0---2------,857.294
10c.sql,Dynamic Programming,6--4---3---2---5--1----0--,1326.62
5b.sql,Dynamic Programming,4--3---2---1---0--,642.92
9b.sql,Dynamic Programming,7--4---3---6--2----1---5--0---,734.908
10b.sql,Dynamic Programming,6--4---3---2---5--1----0--,840.021
6a.sql,Dynamic Programming,4--2---1---3--0---,319.08
30a.sql,Dynamic Programming,10--3---7--4---9--6---8--5---1--0---2----11-----,1631.49
23b.sql,Dynamic Programming,8--4---9--5---7--2---3---10--6---1--0------,456.355
31a.sql,Dynamic Programming,9--0---6--2---8--4---5--1---7--3---10------,1659.82
8b.sql,Dynamic Programming,6--5--3--2---4--1------0--,478.282
2d.sql,Dynamic Programming,4--3---2---1---0--,1104.99
15a.sql,Dynamic Programming,6--3---7--4---5--1---2---8--0-----,562.096
15c.sql,Dynamic Programming,6--3---7--4---5--1---2---8--0-----,1277.45
33c.sql,Dynamic Programming,7--0---12--4---9--2---11--6----10--3-----13--5-----8--1---,1277.88
2c.sql,Dynamic Programming,4--3---2---1---0--,1106.31
21a.sql,Dynamic Programming,6--2---4--0---1---8--7---3-----5--,967.492
17a.sql,Dynamic Programming,6--4---3---2---1---5--0---,1458.14
13c.sql,Dynamic Programming,6--3---5--0---1---8--7---4---2----,1105.01
31b.sql,Dynamic Programming,9--0---6--2---8--4---5--1---7--3---10------,1665.53
20c.sql,Dynamic Programming,8--4---3---7--5---9--6---1--0---2-----,1332.45
7b.sql,Dynamic Programming,7--4---3---1---6--0---2---5---,368.114
21c.sql,Dynamic Programming,6--2---4--0---1---8--7---3-----5--,977.186
7c.sql,Dynamic Programming,7--4---3---1---6--0---2---5---,1694.4
25b.sql,Dynamic Programming,7--0---8--6---5---4---3---2---1---,1200.44
9d.sql,Dynamic Programming,7--4---3---6--2----1---5--0---,1244.87
28c.sql,Dynamic Programming,10--5---12--7---9--3---4---13--8---11--6---1--0---2-------,1399.73
14a.sql,Dynamic Programming,4--0---7--6---5---3---2---1---,1308.82
25a.sql,Dynamic Programming,7--0---8--6---5---4---3---2---1---,2986.71
12c.sql,Dynamic Programming,5--2---4--0---1---7--6---3----,895.661
16d.sql,Dynamic Programming,6--0---1---7--5---4---3---2---,4464.56
20a.sql,Dynamic Programming,8--4---3---7--5---9--6---1--0---2-----,1021.69
6e.sql,Dynamic Programming,4--2---1---3--0---,412.822
3c.sql,Dynamic Programming,3--2---1---0--,1761.67
8c.sql,Dynamic Programming,6--5--3--2---4--1------0--,4596.17
11b.sql,Dynamic Programming,5--2---4--0---1---7--6---3----,115.8
21b.sql,Dynamic Programming,6--2---4--0---1---8--7---3-----5--,542.168
19b.sql,Dynamic Programming,2--1---8---7--0----9--6---5---4---3---,1118.88
24a.sql,Dynamic Programming,2--1---10---9--0----11--8---7---6---5---4---3---,1560.83
1a.sql,Dynamic Programming,4--3---2---1---0--,321.764
23a.sql,Dynamic Programming,8--4---9--5---7--2---3---10--6---1--0------,540.893
29c.sql,Dynamic Programming,5--4---15---14--0---8---13----11--7---12--9---10--6---2--1---3---16------,1508.76
22a.sql,Dynamic Programming,7--2---9--4---6--0---1---10--5---8--3------,920.022
26c.sql,Dynamic Programming,4--3---10---9--6---11--7---8--5---1--0---2------,986.139
27a.sql,Dynamic Programming,9--5---7--3---4---1--0---2---10--6----11-----8--,651.858
17c.sql,Dynamic Programming,6--4---3---2---1---5--0---,1190.51
30b.sql,Dynamic Programming,10--3---7--4---9--6---8--5---1--0---2----11-----,1622.04
3b.sql,Dynamic Programming,3--2---1---0--,535.045
18b.sql,Dynamic Programming,6--4---3---2---1---5--0---,1314.27
33b.sql,Dynamic Programming,7--0---12--4---9--2---11--6----10--3-----13--5-----8--1---,429.365
1c.sql,Dynamic Programming,4--3---2---1---0--,150.055
31c.sql,Dynamic Programming,9--0---6--2---8--4---5--1---7--3---10------,2445.52
28b.sql,Dynamic Programming,10--5---12--7---9--3---4---13--8---11--6---1--0---2-------,771.812
7a.sql,Dynamic Programming,7--4---3---1---6--0---2---5---,596.621
4a.sql,Dynamic Programming,4--3---2---1---0--,313.096
16b.sql,Dynamic Programming,6--0---1---7--5---4---3---2---,6176.52
18c.sql,Dynamic Programming,6--4---3---2---1---5--0---,2220.83
20b.sql,Dynamic Programming,8--4---3---7--5---9--6---1--0---2-----,468.256
9a.sql,Dynamic Programming,7--4---3---6--2----1---5--0---,935.89
22c.sql,Dynamic Programming,7--2---9--4---6--0---1---10--5---8--3------,1455.98
22d.sql,Dynamic Programming,7--2---9--4---6--0---1---10--5---8--3------,1579.91
2b.sql,Dynamic Programming,4--3---2---1---0--,1093.58
8d.sql,Dynamic Programming,6--5--3--2---4--1------0--,3374.76
32b.sql,Dynamic Programming,5--4--3----2---1---0--,367.535
9c.sql,Dynamic Programming,7--4---3---6--2----1---5--0---,1156.25
12b.sql,Dynamic Programming,5--2---4--0---1---7--6---3----,227.78
17b.sql,Dynamic Programming,6--4---3---2---1---5--0---,1259.31
1d.sql,Dynamic Programming,4--3---2---1---0--,459.002
27b.sql,Dynamic Programming,9--5---7--3---4---1--0---2---10--6----11-----8--,638.755
13a.sql,Dynamic Programming,6--3---5--0---1---8--7---4---2----,1837.41
25c.sql,Dynamic Programming,7--0---8--6---5---4---3---2---1---,4845.05
6b.sql,Dynamic Programming,4--2---1---3--0---,286.523
2a.sql,Dynamic Programming,4--3---2---1---0--,1146.24
13d.sql,Dynamic Programming,6--3---5--0---1---8--7---4---2----,1402.45
29a.sql,Dynamic Programming,5--4---15---14--0---8---13----11--7---12--9---10--6---2--1---3---16------,1277.53
14b.sql,Dynamic Programming,4--0---7--6---5---3---2---1---,1187.28
30c.sql,Dynamic Programming,10--3---7--4---9--6---8--5---1--0---2----11-----,2318.12
6f.sql,Dynamic Programming,4--2---1---3--0---,2415.46
22b.sql,Dynamic Programming,7--2---9--4---6--0---1---10--5---8--3------,902.341
24b.sql,Dynamic Programming,2--1---10---9--0----11--8---7---6---5---4---3---,1345.94
6d.sql,Dynamic Programming,4--2---1---3--0---,414.783
17d.sql,Dynamic Programming,6--4---3---2---1---5--0---,1261.37
13b.sql,Dynamic Programming,6--3---5--0---1---8--7---4---2----,1168.67
17e.sql,Dynamic Programming,6--4---3---2---1---5--0---,3126.36
5a.sql,Dynamic Programming,4--3---2---1---0--,953.42
15d.sql,Dynamic Programming,6--3---7--4---5--1---2---8--0-----,1721.45
16a.sql,Dynamic Programming,6--0---1---7--5---4---3---2---,4321.48
11c.sql,Dynamic Programming,5--2---4--0---1---7--6---3----,164.128
10a.sql,Dynamic Programming,6--4---3---2---5--1----0--,948.416
11a.sql,Dynamic Programming,5--2---4--0---1---7--6---3----,162.571
5c.sql,Dynamic Programming,4--3---2---1---0--,1395.53
29b.sql,Dynamic Programming,5--4---15---14--0---8---13----11--7---12--9---10--6---2--1---3---16------,1100.09
8a.sql,Dynamic Programming,6--5--3--2---4--1------0--,599.854
12a.sql,Dynamic Programming,5--2---4--0---1---7--6---3----,611.436
14c.sql,Dynamic Programming,4--0---7--6---5---3---2---1---,1575.89
19a.sql,Dynamic Programming,2--1---8---7--0----9--6---5---4---3---,1439.41
16c.sql,Dynamic Programming,6--0---1---7--5---4---3---2---,4278.49
4b.sql,Dynamic Programming,4--3---2---1---0--,121.238
33a.sql,Dynamic Programming,7--0---12--4---9--2---11--6----10--3-----13--5-----8--1---,467.421
3a.sql,Dynamic Programming,3--2---1---0--,1073.47
1b.sql,Dynamic Programming,4--3---2---1---0--,388.708
18a.sql,Dynamic Programming,6--4---3---2---1---5--0---,5275.4
15b.sql,Dynamic Programming,6--3---7--4---5--1---2---8--0-----,540.954
23c.sql,Dynamic Programming,8--4---9--5---7--2---3---10--6---1--0------,632.778
26b.sql,Dynamic Programming,4--3---10---9--6---11--7---8--5---1--0---2------,742.354
19c.sql,Dynamic Programming,2--1---8---7--0----9--6---5---4---3---,1525.02
17f.sql,Dynamic Programming,6--4---3---2---1---5--0---,1918.39
27c.sql,Dynamic Programming,9--5---7--3---4---1--0---2---10--6----11-----8--,952.074
6c.sql,Dynamic Programming,4--2---1---3--0---,256.378
28a.sql,Dynamic Programming,10--5---12--7---9--3---4---13--8---11--6---1--0---2-------,1361.26
32a.sql,Dynamic Programming,5--4--3----2---1---0--,365.249
11d.sql,Dynamic Programming,5--2---4--0---1---7--6---3----,246.263
19d.sql,Dynamic Programming,2--1---8---7--0----9--6---5---4---3---,4253.52
4c.sql,Dynamic Programming,4--3---2---1---0--,522.148
26a.sql,Dynamic Programming,4--3---10---9--6---11--7---8--5---1--0---2------,867.055
10c.sql,Dynamic Programming,6--4---3---2---5--1----0--,1326.12
5b.sql,Dynamic Programming,4--3---2---1---0--,647.673
9b.sql,Dynamic Programming,7--4---3---6--2----1---5--0---,734.771
10b.sql,Dynamic Programming,6--4---3---2---5--1----0--,834.374
6a.sql,Dynamic Programming,4--2---1---3--0---,318.14
30a.sql,Dynamic Programming,10--3---7--4---9--6---8--5---1--0---2----11-----,1642.57
23b.sql,Dynamic Programming,8--4---9--5---7--2---3---10--6---1--0------,453.975
31a.sql,Dynamic Programming,9--0---6--2---8--4---5--1---7--3---10------,1668.73
8b.sql,Dynamic Programming,6--5--3--2---4--1------0--,476.7
2d.sql,Dynamic Programming,4--3---2---1---0--,1102.62
15a.sql,Dynamic Programming,6--3---7--4---5--1---2---8--0-----,575.385
15c.sql,Dynamic Programming,6--3---7--4---5--1---2---8--0-----,1275.66
33c.sql,Dynamic Programming,7--0---12--4---9--2---11--6----10--3-----13--5-----8--1---,1264.67
2c.sql,Dynamic Programming,4--3---2---1---0--,1102.93
21a.sql,Dynamic Programming,6--2---4--0---1---8--7---3-----5--,970.18
17a.sql,Dynamic Programming,6--4---3---2---1---5--0---,1455.26
13c.sql,Dynamic Programming,6--3---5--0---1---8--7---4---2----,1102.15
31b.sql,Dynamic Programming,9--0---6--2---8--4---5--1---7--3---10------,1666.03
20c.sql,Dynamic Programming,8--4---3---7--5---9--6---1--0---2-----,1327.25
7b.sql,Dynamic Programming,7--4---3---1---6--0---2---5---,375.223
21c.sql,Dynamic Programming,6--2---4--0---1---8--7---3-----5--,975.327
7c.sql,Dynamic Programming,7--4---3---1---6--0---2---5---,1672.96
25b.sql,Dynamic Programming,7--0---8--6---5---4---3---2---1---,1191.56
9d.sql,Dynamic Programming,7--4---3---6--2----1---5--0---,1254.61
28c.sql,Dynamic Programming,10--5---12--7---9--3---4---13--8---11--6---1--0---2-------,1400.88
14a.sql,Dynamic Programming,4--0---7--6---5---3---2---1---,1311.31
25a.sql,Dynamic Programming,7--0---8--6---5---4---3---2---1---,2967.64
12c.sql,Dynamic Programming,5--2---4--0---1---7--6---3----,874.143
16d.sql,Dynamic Programming,6--0---1---7--5---4---3---2---,4454.31
20a.sql,Dynamic Programming,8--4---3---7--5---9--6---1--0---2-----,1016.43
6e.sql,Dynamic Programming,4--2---1---3--0---,416.13
3c.sql,Dynamic Programming,3--2---1---0--,1761.79
8c.sql,Dynamic Programming,6--5--3--2---4--1------0--,4612.71
11b.sql,Dynamic Programming,5--2---4--0---1---7--6---3----,114.681
21b.sql,Dynamic Programming,6--2---4--0---1---8--7---3-----5--,540.326
19b.sql,Dynamic Programming,2--1---8---7--0----9--6---5---4---3---,1126.08
24a.sql,Dynamic Programming,2--1---10---9--0----11--8---7---6---5---4---3---,1563.71
1a.sql,Dynamic Programming,4--3---2---1---0--,321.949
23a.sql,Dynamic Programming,8--4---9--5---7--2---3---10--6---1--0------,539.614
29c.sql,Dynamic Programming,5--4---15---14--0---8---13----11--7---12--9---10--6---2--1---3---16------,1505.84
22a.sql,Dynamic Programming,7--2---9--4---6--0---1---10--5---8--3------,912.006
26c.sql,Dynamic Programming,4--3---10---9--6---11--7---8--5---1--0---2------,993.408
27a.sql,Dynamic Programming,9--5---7--3---4---1--0---2---10--6----11-----8--,647.181
17c.sql,Dynamic Programming,6--4---3---2---1---5--0---,1206.08
30b.sql,Dynamic Programming,10--3---7--4---9--6---8--5---1--0---2----11-----,1623.18
3b.sql,Dynamic Programming,3--2---1---0--,535.433
18b.sql,Dynamic Programming,6--4---3---2---1---5--0---,1312.61
33b.sql,Dynamic Programming,7--0---12--4---9--2---11--6----10--3-----13--5-----8--1---,428.88
1c.sql,Dynamic Programming,4--3---2---1---0--,146.974
31c.sql,Dynamic Programming,9--0---6--2---8--4---5--1---7--3---10------,2456.12
28b.sql,Dynamic Programming,10--5---12--7---9--3---4---13--8---11--6---1--0---2-------,782.326
7a.sql,Dynamic Programming,7--4---3---1---6--0---2---5---,595.854
4a.sql,Dynamic Programming,4--3---2---1---0--,309.494
16b.sql,Dynamic Programming,6--0---1---7--5---4---3---2---,6150.02
18c.sql,Dynamic Programming,6--4---3---2---1---5--0---,2233.1
20b.sql,Dynamic Programming,8--4---3---7--5---9--6---1--0---2-----,468.829
9a.sql,Dynamic Programming,7--4---3---6--2----1---5--0---,938.352
22c.sql,Dynamic Programming,7--2---9--4---6--0---1---10--5---8--3------,1453.98
22d.sql,Dynamic Programming,7--2---9--4---6--0---1---10--5---8--3------,1579.51
2b.sql,Dynamic Programming,4--3---2---1---0--,1101.22
8d.sql,Dynamic Programming,6--5--3--2---4--1------0--,3368.64
32b.sql,Dynamic Programming,5--4--3----2---1---0--,369.087
9c.sql,Dynamic Programming,7--4---3---6--2----1---5--0---,1157.88
12b.sql,Dynamic Programming,5--2---4--0---1---7--6---3----,228.501
17b.sql,Dynamic Programming,6--4---3---2---1---5--0---,1268.69
1d.sql,Dynamic Programming,4--3---2---1---0--,458.154
27b.sql,Dynamic Programming,9--5---7--3---4---1--0---2---10--6----11-----8--,629.312
13a.sql,Dynamic Programming,6--3---5--0---1---8--7---4---2----,1842.73
25c.sql,Dynamic Programming,7--0---8--6---5---4---3---2---1---,4843.61
6b.sql,Dynamic Programming,4--2---1---3--0---,290.326
2a.sql,Dynamic Programming,4--3---2---1---0--,1127.96
13d.sql,Dynamic Programming,6--3---5--0---1---8--7---4---2----,1385.24
29a.sql,Dynamic Programming,5--4---15---14--0---8---13----11--7---12--9---10--6---2--1---3---16------,1287.68
14b.sql,Dynamic Programming,4--0---7--6---5---3---2---1---,1188.34
30c.sql,Dynamic Programming,10--3---7--4---9--6---8--5---1--0---2----11-----,2334.06
6f.sql,Dynamic Programming,4--2---1---3--0---,2407.05
22b.sql,Dynamic Programming,7--2---9--4---6--0---1---10--5---8--3------,910.784
24b.sql,Dynamic Programming,2--1---10---9--0----11--8---7---6---5---4---3---,1350.8
6d.sql,Dynamic Programming,4--2---1---3--0---,420.222
17d.sql,Dynamic Programming,6--4---3---2---1---5--0---,1260.95
13b.sql,Dynamic Programming,6--3---5--0---1---8--7---4---2----,1161.66
17e.sql,Dynamic Programming,6--4---3---2---1---5--0---,3136.69
5a.sql,Dynamic Programming,4--3---2---1---0--,956.908
15d.sql,Dynamic Programming,6--3---7--4---5--1---2---8--0-----,1722.8
16a.sql,Dynamic Programming,6--0---1---7--5---4---3---2---,4354.77
11c.sql,Dynamic Programming,5--2---4--0---1---7--6---3----,162.391
10a.sql,Dynamic Programming,6--4---3---2---5--1----0--,952.159
11a.sql,Dynamic Programming,5--2---4--0---1---7--6---3----,164.206
5c.sql,Dynamic Programming,4--3---2---1---0--,1397.63
29b.sql,Dynamic Programming,5--4---15---14--0---8---13----11--7---12--9---10--6---2--1---3---16------,1105.71
8a.sql,Dynamic Programming,6--5--3--2---4--1------0--,615.654
12a.sql,Dynamic Programming,5--2---4--0---1---7--6---3----,618.03
14c.sql,Dynamic Programming,4--0---7--6---5---3---2---1---,1574.19
19a.sql,Dynamic Programming,2--1---8---7--0----9--6---5---4---3---,1452.23
16c.sql,Dynamic Programming,6--0---1---7--5---4---3---2---,4298.44
4b.sql,Dynamic Programming,4--3---2---1---0--,121.187
33a.sql,Dynamic Programming,7--0---12--4---9--2---11--6----10--3-----13--5-----8--1---,468.631
3a.sql,Dynamic Programming,3--2---1---0--,1070.49
1b.sql,Dynamic Programming,4--3---2---1---0--,391.271
18a.sql,Dynamic Programming,6--4---3---2---1---5--0---,5289.65
15b.sql,Dynamic Programming,6--3---7--4---5--1---2---8--0-----,541.708
23c.sql,Dynamic Programming,8--4---9--5---7--2---3---10--6---1--0------,633.043
26b.sql,Dynamic Programming,4--3---10---9--6---11--7---8--5---1--0---2------,744.18
19c.sql,Dynamic Programming,2--1---8---7--0----9--6---5---4---3---,1529.55
17f.sql,Dynamic Programming,6--4---3---2---1---5--0---,1946.27
27c.sql,Dynamic Programming,9--5---7--3---4---1--0---2---10--6----11-----8--,955.419
6c.sql,Dynamic Programming,4--2---1---3--0---,259.957
28a.sql,Dynamic Programming,10--5---12--7---9--3---4---13--8---11--6---1--0---2-------,1361.3
32a.sql,Dynamic Programming,5--4--3----2---1---0--,363.115
11d.sql,Dynamic Programming,5--2---4--0---1---7--6---3----,244.673
19d.sql,Dynamic Programming,2--1---8---7--0----9--6---5---4---3---,4280.41
4c.sql,Dynamic Programming,4--3---2---1---0--,523.321
26a.sql,Dynamic Programming,4--3---10---9--6---11--7---8--5---1--0---2------,862.979
10c.sql,Dynamic Programming,6--4---3---2---5--1----0--,1327.84
5b.sql,Dynamic Programming,4--3---2---1---0--,648.53
9b.sql,Dynamic Programming,7--4---3---6--2----1---5--0---,738.055
10b.sql,Dynamic Programming,6--4---3---2---5--1----0--,837.373
6a.sql,Dynamic Programming,4--2---1---3--0---,322.257
30a.sql,Dynamic Programming,10--3---7--4---9--6---8--5---1--0---2----11-----,1637.96
23b.sql,Dynamic Programming,8--4---9--5---7--2---3---10--6---1--0------,455.955
31a.sql,Dynamic Programming,9--0---6--2---8--4---5--1---7--3---10------,1661.99
8b.sql,Dynamic Programming,6--5--3--2---4--1------0--,475.284
2d.sql,Dynamic Programming,4--3---2---1---0--,1102.79
15a.sql,Dynamic Programming,6--3---7--4---5--1---2---8--0-----,580.325
15c.sql,Dynamic Programming,6--3---7--4---5--1---2---8--0-----,1281.55
33c.sql,Dynamic Programming,7--0---12--4---9--2---11--6----10--3-----13--5-----8--1---,1267.26
2c.sql,Dynamic Programming,4--3---2---1---0--,1111.69
21a.sql,Dynamic Programming,6--2---4--0---1---8--7---3-----5--,970.26
17a.sql,Dynamic Programming,6--4---3---2---1---5--0---,1460.64
13c.sql,Dynamic Programming,6--3---5--0---1---8--7---4---2----,1091.27
31b.sql,Dynamic Programming,9--0---6--2---8--4---5--1---7--3---10------,1666.19
20c.sql,Dynamic Programming,8--4---3---7--5---9--6---1--0---2-----,1330.57
7b.sql,Dynamic Programming,7--4---3---1---6--0---2---5---,366.966
21c.sql,Dynamic Programming,6--2---4--0---1---8--7---3-----5--,970.599
7c.sql,Dynamic Programming,7--4---3---1---6--0---2---5---,1676.46
25b.sql,Dynamic Programming,7--0---8--6---5---4---3---2---1---,1198.95
9d.sql,Dynamic Programming,7--4---3---6--2----1---5--0---,1241.83
28c.sql,Dynamic Programming,10--5---12--7---9--3---4---13--8---11--6---1--0---2-------,1398.11
14a.sql,Dynamic Programming,4--0---7--6---5---3---2---1---,1315.89
25a.sql,Dynamic Programming,7--0---8--6---5---4---3---2---1---,2992.73
12c.sql,Dynamic Programming,5--2---4--0---1---7--6---3----,878.181
16d.sql,Dynamic Programming,6--0---1---7--5---4---3---2---,4484.09
20a.sql,Dynamic Programming,8--4---3---7--5---9--6---1--0---2-----,1018.21
6e.sql,Dynamic Programming,4--2---1---3--0---,415.815
3c.sql,Dynamic Programming,3--2---1---0--,1774.62
8c.sql,Dynamic Programming,6--5--3--2---4--1------0--,4591.05
11b.sql,Dynamic Programming,5--2---4--0---1---7--6---3----,117.216
21b.sql,Dynamic Programming,6--2---4--0---1---8--7---3-----5--,551.246
19b.sql,Dynamic Programming,2--1---8---7--0----9--6---5---4---3---,1119.18
24a.sql,Dynamic Programming,2--1---10---9--0----11--8---7---6---5---4---3---,1566.52
1a.sql,Dynamic Programming,4--3---2---1---0--,321.878
23a.sql,Dynamic Programming,8--4---9--5---7--2---3---10--6---1--0------,543.434
29c.sql,Dynamic Programming,5--4---15---14--0---8---13----11--7---12--9---10--6---2--1---3---16------,1505.52
22a.sql,Dynamic Programming,7--2---9--4---6--0---1---10--5---8--3------,924.19
26c.sql,Dynamic Programming,4--3---10---9--6---11--7---8--5---1--0---2------,993.346
27a.sql,Dynamic Programming,9--5---7--3---4---1--0---2---10--6----11-----8--,660.631
17c.sql,Dynamic Programming,6--4---3---2---1---5--0---,1191.16
30b.sql,Dynamic Programming,10--3---7--4---9--6---8--5---1--0---2----11-----,1610.39
3b.sql,Dynamic Programming,3--2---1---0--,535.923
18b.sql,Dynamic Programming,6--4---3---2---1---5--0---,1313.16
33b.sql,Dynamic Programming,7--0---12--4---9--2---11--6----10--3-----13--5-----8--1---,429.838
1c.sql,Dynamic Programming,4--3---2---1---0--,148.594
31c.sql,Dynamic Programming,9--0---6--2---8--4---5--1---7--3---10------,2456.18
28b.sql,Dynamic Programming,10--5---12--7---9--3---4---13--8---11--6---1--0---2-------,778.01
7a.sql,Dynamic Programming,7--4---3---1---6--0---2---5---,597.748
4a.sql,Dynamic Programming,4--3---2---1---0--,313.309
16b.sql,Dynamic Programming,6--0---1---7--5---4---3---2---,6160.14
18c.sql,Dynamic Programming,6--4---3---2---1---5--0---,2225.61
20b.sql,Dynamic Programming,8--4---3---7--5---9--6---1--0---2-----,473.71
9a.sql,Dynamic Programming,7--4---3---6--2----1---5--0---,941.462
22c.sql,Dynamic Programming,7--2---9--4---6--0---1---10--5---8--3------,1458.38
22d.sql,Dynamic Programming,7--2---9--4---6--0---1---10--5---8--3------,1581.92
2b.sql,Dynamic Programming,4--3---2---1---0--,1096.93
8d.sql,Dynamic Programming,6--5--3--2---4--1------0--,3388.41
32b.sql,Dynamic Programming,5--4--3----2---1---0--,368.636
9c.sql,Dynamic Programming,7--4---3---6--2----1---5--0---,1158.77
12b.sql,Dynamic Programming,5--2---4--0---1---7--6---3----,231.454
17b.sql,Dynamic Programming,6--4---3---2---1---5--0---,1273.24
1d.sql,Dynamic Programming,4--3---2---1---0--,459.382
27b.sql,Dynamic Programming,9--5---7--3---4---1--0---2---10--6----11-----8--,646.362
13a.sql,Dynamic Programming,6--3---5--0---1---8--7---4---2----,1830.26
25c.sql,Dynamic Programming,7--0---8--6---5---4---3---2---1---,4853.54
6b.sql,Dynamic Programming,4--2---1---3--0---,291.555
2a.sql,Dynamic Programming,4--3---2---1---0--,1142.84
13d.sql,Dynamic Programming,6--3---5--0---1---8--7---4---2----,1379.63
29a.sql,Dynamic Programming,5--4---15---14--0---8---13----11--7---12--9---10--6---2--1---3---16------,1284.9
14b.sql,Dynamic Programming,4--0---7--6---5---3---2---1---,1185.95
30c.sql,Dynamic Programming,10--3---7--4---9--6---8--5---1--0---2----11-----,2329.81
6f.sql,Dynamic Programming,4--2---1---3--0---,2408.55
22b.sql,Dynamic Programming,7--2---9--4---6--0---1---10--5---8--3------,917.191
24b.sql,Dynamic Programming,2--1---10---9--0----11--8---7---6---5---4---3---,1345.22
6d.sql,Dynamic Programming,4--2---1---3--0---,414.33
17d.sql,Dynamic Programming,6--4---3---2---1---5--0---,1257.66
13b.sql,Dynamic Programming,6--3---5--0---1---8--7---4---2----,1164.13
17e.sql,Dynamic Programming,6--4---3---2---1---5--0---,3131.16
5a.sql,Dynamic Programming,4--3---2---1---0--,960.874
15d.sql,Dynamic Programming,6--3---7--4---5--1---2---8--0-----,1721.35
16a.sql,Dynamic Programming,6--0---1---7--5---4---3---2---,4338.98
11c.sql,Dynamic Programming,5--2---4--0---1---7--6---3----,164.381
10a.sql,Dynamic Programming,6--4---3---2---5--1----0--,948.476
11a.sql,Dynamic Programming,5--2---4--0---1---7--6---3----,165.815
5c.sql,Dynamic Programming,4--3---2---1---0--,1396.46
29b.sql,Dynamic Programming,5--4---15---14--0---8---13----11--7---12--9---10--6---2--1---3---16------,1097.53
8a.sql,Dynamic Programming,6--5--3--2---4--1------0--,597.624
12a.sql,Dynamic Programming,5--2---4--0---1---7--6---3----,614.839
14c.sql,Dynamic Programming,4--0---7--6---5---3---2---1---,1573.58
19a.sql,Dynamic Programming,2--1---8---7--0----9--6---5---4---3---,1449.37
16c.sql,Dynamic Programming,6--0---1---7--5---4---3---2---,4290.85
4b.sql,Dynamic Programming,4--3---2---1---0--,120.441
33a.sql,Dynamic Programming,7--0---12--4---9--2---11--6----10--3-----13--5-----8--1---,469.273
3a.sql,Dynamic Programming,3--2---1---0--,1066.62
1b.sql,Dynamic Programming,4--3---2---1---0--,389.741
18a.sql,Dynamic Programming,6--4---3---2---1---5--0---,5287.63
15b.sql,Dynamic Programming,6--3---7--4---5--1---2---8--0-----,543.018
23c.sql,Dynamic Programming,8--4---9--5---7--2---3---10--6---1--0------,637.81
26b.sql,Dynamic Programming,4--3---10---9--6---11--7---8--5---1--0---2------,745.291
19c.sql,Dynamic Programming,2--1---8---7--0----9--6---5---4---3---,1537.04
17f.sql,Dynamic Programming,6--4---3---2---1---5--0---,1946.94
27c.sql,Dynamic Programming,9--5---7--3---4---1--0---2---10--6----11-----8--,952.213
6c.sql,Dynamic Programming,4--2---1---3--0---,261.618
28a.sql,Dynamic Programming,10--5---12--7---9--3---4---13--8---11--6---1--0---2-------,1366.23
32a.sql,Dynamic Programming,5--4--3----2---1---0--,367.71
11d.sql,Dynamic Programming,5--2---4--0---1---7--6---3----,246.288
19d.sql,Dynamic Programming,2--1---8---7--0----9--6---5---4---3---,4294.41
4c.sql,Dynamic Programming,4--3---2---1---0--,527.045
26a.sql,Dynamic Programming,4--3---10---9--6---11--7---8--5---1--0---2------,858.827
10c.sql,Dynamic Programming,6--4---3---2---5--1----0--,1326.53
5b.sql,Dynamic Programming,4--3---2---1---0--,643.393
9b.sql,Dynamic Programming,7--4---3---6--2----1---5--0---,733.915
10b.sql,Dynamic Programming,6--4---3---2---5--1----0--,836.928
6a.sql,Dynamic Programming,4--2---1---3--0---,319.31
30a.sql,Dynamic Programming,10--3---7--4---9--6---8--5---1--0---2----11-----,1639.91
23b.sql,Dynamic Programming,8--4---9--5---7--2---3---10--6---1--0------,453.56
31a.sql,Dynamic Programming,9--0---6--2---8--4---5--1---7--3---10------,1658.1
8b.sql,Dynamic Programming,6--5--3--2---4--1------0--,476.213
2d.sql,Dynamic Programming,4--3---2---1---0--,1109.87
15a.sql,Dynamic Programming,6--3---7--4---5--1---2---8--0-----,560.341
15c.sql,Dynamic Programming,6--3---7--4---5--1---2---8--0-----,1276.15
33c.sql,Dynamic Programming,7--0---12--4---9--2---11--6----10--3-----13--5-----8--1---,1260.54
2c.sql,Dynamic Programming,4--3---2---1---0--,1107.18
21a.sql,Dynamic Programming,6--2---4--0---1---8--7---3-----5--,967.97
17a.sql,Dynamic Programming,6--4---3---2---1---5--0---,1469.37
13c.sql,Dynamic Programming,6--3---5--0---1---8--7---4---2----,1092.31
31b.sql,Dynamic Programming,9--0---6--2---8--4---5--1---7--3---10------,1658.66
20c.sql,Dynamic Programming,8--4---3---7--5---9--6---1--0---2-----,1329.74
7b.sql,Dynamic Programming,7--4---3---1---6--0---2---5---,371.487
21c.sql,Dynamic Programming,6--2---4--0---1---8--7---3-----5--,970.831
7c.sql,Dynamic Programming,7--4---3---1---6--0---2---5---,1672.74
25b.sql,Dynamic Programming,7--0---8--6---5---4---3---2---1---,1197.18
9d.sql,Dynamic Programming,7--4---3---6--2----1---5--0---,1246.43
28c.sql,Dynamic Programming,10--5---12--7---9--3---4---13--8---11--6---1--0---2-------,1400.01
14a.sql,Dynamic Programming,4--0---7--6---5---3---2---1---,1303.84
25a.sql,Dynamic Programming,7--0---8--6---5---4---3---2---1---,2976.1
12c.sql,Dynamic Programming,5--2---4--0---1---7--6---3----,874.921
16d.sql,Dynamic Programming,6--0---1---7--5---4---3---2---,4462.52
20a.sql,Dynamic Programming,8--4---3---7--5---9--6---1--0---2-----,1010.13
6e.sql,Dynamic Programming,4--2---1---3--0---,410.945
3c.sql,Dynamic Programming,3--2---1---0--,1764.84
8c.sql,Dynamic Programming,6--5--3--2---4--1------0--,4582.34
11b.sql,Dynamic Programming,5--2---4--0---1---7--6---3----,114.368
21b.sql,Dynamic Programming,6--2---4--0---1---8--7---3-----5--,538.91
19b.sql,Dynamic Programming,2--1---8---7--0----9--6---5---4---3---,1116.29
24a.sql,Dynamic Programming,2--1---10---9--0----11--8---7---6---5---4---3---,1553.9
1a.sql,Dynamic Programming,4--3---2---1---0--,325.582
23a.sql,Dynamic Programming,8--4---9--5---7--2---3---10--6---1--0------,542.29
29c.sql,Dynamic Programming,5--4---15---14--0---8---13----11--7---12--9---10--6---2--1---3---16------,1504.24
22a.sql,Dynamic Programming,7--2---9--4---6--0---1---10--5---8--3------,919.768
26c.sql,Dynamic Programming,4--3---10---9--6---11--7---8--5---1--0---2------,991.075
27a.sql,Dynamic Programming,9--5---7--3---4---1--0---2---10--6----11-----8--,653.504
17c.sql,Dynamic Programming,6--4---3---2---1---5--0---,1186.33
30b.sql,Dynamic Programming,10--3---7--4---9--6---8--5---1--0---2----11-----,1616.67
3b.sql,Dynamic Programming,3--2---1---0--,533.606
18b.sql,Dynamic Programming,6--4---3---2---1---5--0---,1306.37
33b.sql,Dynamic Programming,7--0---12--4---9--2---11--6----10--3-----13--5-----8--1---,428.316
1c.sql,Dynamic Programming,4--3---2---1---0--,146.446
31c.sql,Dynamic Programming,9--0---6--2---8--4---5--1---7--3---10------,2449.45
28b.sql,Dynamic Programming,10--5---12--7---9--3---4---13--8---11--6---1--0---2-------,779.283
7a.sql,Dynamic Programming,7--4---3---1---6--0---2---5---,600.934
4a.sql,Dynamic Programming,4--3---2---1---0--,309.64
16b.sql,Dynamic Programming,6--0---1---7--5---4---3---2---,6152.42
18c.sql,Dynamic Programming,6--4---3---2---1---5--0---,2214.8
20b.sql,Dynamic Programming,8--4---3---7--5---9--6---1--0---2-----,470.965
9a.sql,Dynamic Programming,7--4---3---6--2----1---5--0---,938.108
22c.sql,Dynamic Programming,7--2---9--4---6--0---1---10--5---8--3------,1460.27
22d.sql,Dynamic Programming,7--2---9--4---6--0---1---10--5---8--3------,1584.36
2b.sql,Dynamic Programming,4--3---2---1---0--,1099.19
8d.sql,Dynamic Programming,6--5--3--2---4--1------0--,3394.38
32b.sql,Dynamic Programming,5--4--3----2---1---0--,371.079
9c.sql,Dynamic Programming,7--4---3---6--2----1---5--0---,1168.99
12b.sql,Dynamic Programming,5--2---4--0---1---7--6---3----,229.49
17b.sql,Dynamic Programming,6--4---3---2---1---5--0---,1268.05
1d.sql,Dynamic Programming,4--3---2---1---0--,457.37
27b.sql,Dynamic Programming,9--5---7--3---4---1--0---2---10--6----11-----8--,633.884
13a.sql,Dynamic Programming,6--3---5--0---1---8--7---4---2----,1821.79
25c.sql,Dynamic Programming,7--0---8--6---5---4---3---2---1---,4801.95
6b.sql,Dynamic Programming,4--2---1---3--0---,291.083
2a.sql,Dynamic Programming,4--3---2---1---0--,1145.27
13d.sql,Dynamic Programming,6--3---5--0---1---8--7---4---2----,1375.62
29a.sql,Dynamic Programming,5--4---15---14--0---8---13----11--7---12--9---10--6---2--1---3---16------,1284.99
14b.sql,Dynamic Programming,4--0---7--6---5---3---2---1---,1185.38
30c.sql,Dynamic Programming,10--3---7--4---9--6---8--5---1--0---2----11-----,2329.98
6f.sql,Dynamic Programming,4--2---1---3--0---,2400.9
22b.sql,Dynamic Programming,7--2---9--4---6--0---1---10--5---8--3------,903.059
24b.sql,Dynamic Programming,2--1---10---9--0----11--8---7---6---5---4---3---,1359.79
6d.sql,Dynamic Programming,4--2---1---3--0---,413.944
17d.sql,Dynamic Programming,6--4---3---2---1---5--0---,1261.28
13b.sql,Dynamic Programming,6--3---5--0---1---8--7---4---2----,1159.84
17e.sql,Dynamic Programming,6--4---3---2---1---5--0---,3122.76
5a.sql,Dynamic Programming,4--3---2---1---0--,951.478
15d.sql,Dynamic Programming,6--3---7--4---5--1---2---8--0-----,1717.89
16a.sql,Dynamic Programming,6--0---1---7--5---4---3---2---,4321.12
11c.sql,Dynamic Programming,5--2---4--0---1---7--6---3----,164.667
10a.sql,Dynamic Programming,6--4---3---2---5--1----0--,956.905
11a.sql,Dynamic Programming,5--2---4--0---1---7--6---3----,164.13
5c.sql,Dynamic Programming,4--3---2---1---0--,1391.64
29b.sql,Dynamic Programming,5--4---15---14--0---8---13----11--7---12--9---10--6---2--1---3---16------,1110.23
8a.sql,Dynamic Programming,6--5--3--2---4--1------0--,595.613
12a.sql,Dynamic Programming,5--2---4--0---1---7--6---3----,609.774
14c.sql,Dynamic Programming,4--0---7--6---5---3---2---1---,1570.39
19a.sql,Dynamic Programming,2--1---8---7--0----9--6---5---4---3---,1444.8
16c.sql,Dynamic Programming,6--0---1---7--5---4---3---2---,4288.93
4b.sql,Dynamic Programming,4--3---2---1---0--,121.048
33a.sql,Dynamic Programming,7--0---12--4---9--2---11--6----10--3-----13--5-----8--1---,469.669
3a.sql,Dynamic Programming,3--2---1---0--,1068.91
1b.sql,Dynamic Programming,4--3---2---1---0--,387.369
18a.sql,Dynamic Programming,6--4---3---2---1---5--0---,5309.71
15b.sql,Dynamic Programming,6--3---7--4---5--1---2---8--0-----,543.094
23c.sql,Dynamic Programming,8--4---9--5---7--2---3---10--6---1--0------,631.99
26b.sql,Dynamic Programming,4--3---10---9--6---11--7---8--5---1--0---2------,749.078
19c.sql,Dynamic Programming,2--1---8---7--0----9--6---5---4---3---,1534.24
17f.sql,Dynamic Programming,6--4---3---2---1---5--0---,1910.09
27c.sql,Dynamic Programming,9--5---7--3---4---1--0---2---10--6----11-----8--,954.626
6c.sql,Dynamic Programming,4--2---1---3--0---,259.319
28a.sql,Dynamic Programming,10--5---12--7---9--3---4---13--8---11--6---1--0---2-------,1365.94
32a.sql,Dynamic Programming,5--4--3----2---1---0--,362.44
11d.sql,Dynamic Programming,5--2---4--0---1---7--6---3----,247.697
19d.sql,Dynamic Programming,2--1---8---7--0----9--6---5---4---3---,4287
4c.sql,Dynamic Programming,4--3---2---1---0--,526.965
26a.sql,Dynamic Programming,4--3---10---9--6---11--7---8--5---1--0---2------,865.839
10c.sql,Dynamic Programming,6--4---3---2---5--1----0--,1328.02
5b.sql,Dynamic Programming,4--3---2---1---0--,650.654
9b.sql,Dynamic Programming,7--4---3---6--2----1---5--0---,736.075
10b.sql,Dynamic Programming,6--4---3---2---5--1----0--,837.373
6a.sql,Dynamic Programming,4--2---1---3--0---,318.376
30a.sql,Dynamic Programming,10--3---7--4---9--6---8--5---1--0---2----11-----,1646.59
23b.sql,Dynamic Programming,8--4---9--5---7--2---3---10--6---1--0------,455.816
31a.sql,Dynamic Programming,9--0---6--2---8--4---5--1---7--3---10------,1660.98
8b.sql,Dynamic Programming,6--5--3--2---4--1------0--,472.878
2d.sql,Dynamic Programming,4--3---2---1---0--,1105.9
15a.sql,Dynamic Programming,6--3---7--4---5--1---2---8--0-----,562.057
15c.sql,Dynamic Programming,6--3---7--4---5--1---2---8--0-----,1285.18
33c.sql,Dynamic Programming,7--0---12--4---9--2---11--6----10--3-----13--5-----8--1---,1266.75
2c.sql,Dynamic Programming,4--3---2---1---0--,1117.39
21a.sql,Dynamic Programming,6--2---4--0---1---8--7---3-----5--,968.071
17a.sql,Dynamic Programming,6--4---3---2---1---5--0---,1454.85
13c.sql,Dynamic Programming,6--3---5--0---1---8--7---4---2----,1090.74
31b.sql,Dynamic Programming,9--0---6--2---8--4---5--1---7--3---10------,1672.18
20c.sql,Dynamic Programming,8--4---3---7--5---9--6---1--0---2-----,1332.84
7b.sql,Dynamic Programming,7--4---3---1---6--0---2---5---,376.229
21c.sql,Dynamic Programming,6--2---4--0---1---8--7---3-----5--,978.832
7c.sql,Dynamic Programming,7--4---3---1---6--0---2---5---,1681.54
25b.sql,Dynamic Programming,7--0---8--6---5---4---3---2---1---,1209.48
9d.sql,Dynamic Programming,7--4---3---6--2----1---5--0---,1251.33
28c.sql,Dynamic Programming,10--5---12--7---9--3---4---13--8---11--6---1--0---2-------,1415.3
14a.sql,Dynamic Programming,4--0---7--6---5---3---2---1---,1312.94
25a.sql,Dynamic Programming,7--0---8--6---5---4---3---2---1---,2976.7
12c.sql,Dynamic Programming,5--2---4--0---1---7--6---3----,870.464
16d.sql,Dynamic Programming,6--0---1---7--5---4---3---2---,4462.09
20a.sql,Dynamic Programming,8--4---3---7--5---9--6---1--0---2-----,1016.45
6e.sql,Dynamic Programming,4--2---1---3--0---,416.071
3c.sql,Dynamic Programming,3--2---1---0--,1771.03
8c.sql,Dynamic Programming,6--5--3--2---4--1------0--,4627.07
11b.sql,Dynamic Programming,5--2---4--0---1---7--6---3----,115.315
21b.sql,Dynamic Programming,6--2---4--0---1---8--7---3-----5--,536.768
19b.sql,Dynamic Programming,2--1---8---7--0----9--6---5---4---3---,1101.13
24a.sql,Dynamic Programming,2--1---10---9--0----11--8---7---6---5---4---3---,1561.88
1a.sql,Dynamic Programming,4--3---2---1---0--,318.754
23a.sql,Dynamic Programming,8--4---9--5---7--2---3---10--6---1--0------,540.341
29c.sql,Dynamic Programming,5--4---15---14--0---8---13----11--7---12--9---10--6---2--1---3---16------,1507.36
22a.sql,Dynamic Programming,7--2---9--4---6--0---1---10--5---8--3------,914.495
26c.sql,Dynamic Programming,4--3---10---9--6---11--7---8--5---1--0---2------,969.239
27a.sql,Dynamic Programming,9--5---7--3---4---1--0---2---10--6----11-----8--,645.072
17c.sql,Dynamic Programming,6--4---3---2---1---5--0---,1196.13
30b.sql,Dynamic Programming,10--3---7--4---9--6---8--5---1--0---2----11-----,1623.48
3b.sql,Dynamic Programming,3--2---1---0--,534.59
18b.sql,Dynamic Programming,6--4---3---2---1---5--0---,1306.27
33b.sql,Dynamic Programming,7--0---12--4---9--2---11--6----10--3-----13--5-----8--1---,430.433
1c.sql,Dynamic Programming,4--3---2---1---0--,147.26
31c.sql,Dynamic Programming,9--0---6--2---8--4---5--1---7--3---10------,2454.08
28b.sql,Dynamic Programming,10--5---12--7---9--3---4---13--8---11--6---1--0---2-------,778.268
7a.sql,Dynamic Programming,7--4---3---1---6--0---2---5---,598.426
4a.sql,Dynamic Programming,4--3---2---1---0--,309.311
16b.sql,Dynamic Programming,6--0---1---7--5---4---3---2---,6191.44
18c.sql,Dynamic Programming,6--4---3---2---1---5--0---,2221.83
20b.sql,Dynamic Programming,8--4---3---7--5---9--6---1--0---2-----,472.007
9a.sql,Dynamic Programming,7--4---3---6--2----1---5--0---,944.434
22c.sql,Dynamic Programming,7--2---9--4---6--0---1---10--5---8--3------,1450.86
22d.sql,Dynamic Programming,7--2---9--4---6--0---1---10--5---8--3------,1578.84
2b.sql,Dynamic Programming,4--3---2---1---0--,1096.04
8d.sql,Dynamic Programming,6--5--3--2---4--1------0--,3373.46
32b.sql,Dynamic Programming,5--4--3----2---1---0--,365.634
9c.sql,Dynamic Programming,7--4---3---6--2----1---5--0---,1163.28
12b.sql,Dynamic Programming,5--2---4--0---1---7--6---3----,228.09
17b.sql,Dynamic Programming,6--4---3---2---1---5--0---,1273.48
1d.sql,Dynamic Programming,4--3---2---1---0--,457.496
27b.sql,Dynamic Programming,9--5---7--3---4---1--0---2---10--6----11-----8--,632.216
13a.sql,Dynamic Programming,6--3---5--0---1---8--7---4---2----,1815.64
25c.sql,Dynamic Programming,7--0---8--6---5---4---3---2---1---,4802.24
6b.sql,Dynamic Programming,4--2---1---3--0---,289.15
2a.sql,Dynamic Programming,4--3---2---1---0--,1142.42
13d.sql,Dynamic Programming,6--3---5--0---1---8--7---4---2----,1375.42
29a.sql,Dynamic Programming,5--4---15---14--0---8---13----11--7---12--9---10--6---2--1---3---16------,1285.17
14b.sql,Dynamic Programming,4--0---7--6---5---3---2---1---,1182.02
30c.sql,Dynamic Programming,10--3---7--4---9--6---8--5---1--0---2----11-----,2325.57
6f.sql,Dynamic Programming,4--2---1---3--0---,2394.5
22b.sql,Dynamic Programming,7--2---9--4---6--0---1---10--5---8--3------,915.501
24b.sql,Dynamic Programming,2--1---10---9--0----11--8---7---6---5---4---3---,1344.35
6d.sql,Dynamic Programming,4--2---1---3--0---,413.077
17d.sql,Dynamic Programming,6--4---3---2---1---5--0---,1259.48
13b.sql,Dynamic Programming,6--3---5--0---1---8--7---4---2----,1159.95
17e.sql,Dynamic Programming,6--4---3---2---1---5--0---,3122.27
5a.sql,Dynamic Programming,4--3---2---1---0--,958.557
15d.sql,Dynamic Programming,6--3---7--4---5--1---2---8--0-----,1714.75
16a.sql,Dynamic Programming,6--0---1---7--5---4---3---2---,4312.88
11c.sql,Dynamic Programming,5--2---4--0---1---7--6---3----,164.24
10a.sql,Dynamic Programming,6--4---3---2---5--1----0--,945
11a.sql,Dynamic Programming,5--2---4--0---1---7--6---3----,163.403
5c.sql,Dynamic Programming,4--3---2---1---0--,1386.98
29b.sql,Dynamic Programming,5--4---15---14--0---8---13----11--7---12--9---10--6---2--1---3---16------,1097.05
8a.sql,Dynamic Programming,6--5--3--2---4--1------0--,586.633
12a.sql,Dynamic Programming,5--2---4--0---1---7--6---3----,616.498
14c.sql,Dynamic Programming,4--0---7--6---5---3---2---1---,1574.31
19a.sql,Dynamic Programming,2--1---8---7--0----9--6---5---4---3---,1453.29
16c.sql,Dynamic Programming,6--0---1---7--5---4---3---2---,4278.66
4b.sql,Dynamic Programming,4--3---2---1---0--,119.932
33a.sql,Dynamic Programming,7--0---12--4---9--2---11--6----10--3-----13--5-----8--1---,471.329
3a.sql,Dynamic Programming,3--2---1---0--,1068.14
1b.sql,Dynamic Programming,4--3---2---1---0--,388.076
18a.sql,Dynamic Programming,6--4---3---2---1---5--0---,5278.02
15b.sql,Dynamic Programming,6--3---7--4---5--1---2---8--0-----,541.417
23c.sql,Dynamic Programming,8--4---9--5---7--2---3---10--6---1--0------,630.501
26b.sql,Dynamic Programming,4--3---10---9--6---11--7---8--5---1--0---2------,743.76
19c.sql,Dynamic Programming,2--1---8---7--0----9--6---5---4---3---,1545.72
17f.sql,Dynamic Programming,6--4---3---2---1---5--0---,1924.44
27c.sql,Dynamic Programming,9--5---7--3---4---1--0---2---10--6----11-----8--,959.327
6c.sql,Dynamic Programming,4--2---1---3--0---,258.223
28a.sql,Dynamic Programming,10--5---12--7---9--3---4---13--8---11--6---1--0---2-------,1365.3
32a.sql,Dynamic Programming,5--4--3----2---1---0--,362.006
11d.sql,Dynamic Programming,5--2---4--0---1---7--6---3----,245.99
19d.sql,Dynamic Programming,2--1---8---7--0----9--6---5---4---3---,4268.52
4c.sql,Dynamic Programming,4--3---2---1---0--,522.593
26a.sql,Dynamic Programming,4--3---10---9--6---11--7---8--5---1--0---2------,862.374
10c.sql,Dynamic Programming,6--4---3---2---5--1----0--,1324.87
5b.sql,Dynamic Programming,4--3---2---1---0--,641.529
9b.sql,Dynamic Programming,7--4---3---6--2----1---5--0---,737.41
10b.sql,Dynamic Programming,6--4---3---2---5--1----0--,828.381
6a.sql,Dynamic Programming,4--2---1---3--0---,320.736
30a.sql,Dynamic Programming,10--3---7--4---9--6---8--5---1--0---2----11-----,1637.43
23b.sql,Dynamic Programming,8--4---9--5---7--2---3---10--6---1--0------,453.705
31a.sql,Dynamic Programming,9--0---6--2---8--4---5--1---7--3---10------,1651.45
8b.sql,Dynamic Programming,6--5--3--2---4--1------0--,470.418
2d.sql,Dynamic Programming,4--3---2---1---0--,1104.63
15a.sql,Dynamic Programming,6--3---7--4---5--1---2---8--0-----,556.309
15c.sql,Dynamic Programming,6--3---7--4---5--1---2---8--0-----,1276.05
33c.sql,Dynamic Programming,7--0---12--4---9--2---11--6----10--3-----13--5-----8--1---,1262.69
2c.sql,Dynamic Programming,4--3---2---1---0--,1103.08
21a.sql,Dynamic Programming,6--2---4--0---1---8--7---3-----5--,974.683
17a.sql,Dynamic Programming,6--4---3---2---1---5--0---,1459.32
13c.sql,Dynamic Programming,6--3---5--0---1---8--7---4---2----,1094.32
31b.sql,Dynamic Programming,9--0---6--2---8--4---5--1---7--3---10------,1663.22
20c.sql,Dynamic Programming,8--4---3---7--5---9--6---1--0---2-----,1322.99
7b.sql,Dynamic Programming,7--4---3---1---6--0---2---5---,370.297
21c.sql,Dynamic Programming,6--2---4--0---1---8--7---3-----5--,979.363
7c.sql,Dynamic Programming,7--4---3---1---6--0---2---5---,1677.94
25b.sql,Dynamic Programming,7--0---8--6---5---4---3---2---1---,1199.37
9d.sql,Dynamic Programming,7--4---3---6--2----1---5--0---,1246.57
28c.sql,Dynamic Programming,10--5---12--7---9--3---4---13--8---11--6---1--0---2-------,1393.97
14a.sql,Dynamic Programming,4--0---7--6---5---3---2---1---,1307.88
25a.sql,Dynamic Programming,7--0---8--6---5---4---3---2---1---,2969.15
12c.sql,Dynamic Programming,5--2---4--0---1---7--6---3----,885.584
16d.sql,Dynamic Programming,6--0---1---7--5---4---3---2---,4453.85
20a.sql,Dynamic Programming,8--4---3---7--5---9--6---1--0---2-----,1016.64
6e.sql,Dynamic Programming,4--2---1---3--0---,412.676
3c.sql,Dynamic Programming,3--2---1---0--,1772.22
8c.sql,Dynamic Programming,6--5--3--2---4--1------0--,4573.79
11b.sql,Dynamic Programming,5--2---4--0---1---7--6---3----,114.888
21b.sql,Dynamic Programming,6--2---4--0---1---8--7---3-----5--,535.939
19b.sql,Dynamic Programming,2--1---8---7--0----9--6---5---4---3---,1119.03
24a.sql,Dynamic Programming,2--1---10---9--0----11--8---7---6---5---4---3---,1560.23
1a.sql,Dynamic Programming,4--3---2---1---0--,322.629
23a.sql,Dynamic Programming,8--4---9--5---7--2---3---10--6---1--0------,553.287
29c.sql,Dynamic Programming,5--4---15---14--0---8---13----11--7---12--9---10--6---2--1---3---16------,1510.6
22a.sql,Dynamic Programming,7--2---9--4---6--0---1---10--5---8--3------,927.919
26c.sql,Dynamic Programming,4--3---10---9--6---11--7---8--5---1--0---2------,990.002
27a.sql,Dynamic Programming,9--5---7--3---4---1--0---2---10--6----11-----8--,647.463
17c.sql,Dynamic Programming,6--4---3---2---1---5--0---,1192.44
30b.sql,Dynamic Programming,10--3---7--4---9--6---8--5---1--0---2----11-----,1621.67
3b.sql,Dynamic Programming,3--2---1---0--,542.047
18b.sql,Dynamic Programming,6--4---3---2---1---5--0---,1317.72
33b.sql,Dynamic Programming,7--0---12--4---9--2---11--6----10--3-----13--5-----8--1---,429.771
1c.sql,Dynamic Programming,4--3---2---1---0--,146.752
31c.sql,Dynamic Programming,9--0---6--2---8--4---5--1---7--3---10------,2449.8
28b.sql,Dynamic Programming,10--5---12--7---9--3---4---13--8---11--6---1--0---2-------,784.325
7a.sql,Dynamic Programming,7--4---3---1---6--0---2---5---,593.406
4a.sql,Dynamic Programming,4--3---2---1---0--,313.001
16b.sql,Dynamic Programming,6--0---1---7--5---4---3---2---,6168.73
18c.sql,Dynamic Programming,6--4---3---2---1---5--0---,2221
20b.sql,Dynamic Programming,8--4---3---7--5---9--6---1--0---2-----,466.762
9a.sql,Dynamic Programming,7--4---3---6--2----1---5--0---,937.549
22c.sql,Dynamic Programming,7--2---9--4---6--0---1---10--5---8--3------,1450.01
22d.sql,Dynamic Programming,7--2---9--4---6--0---1---10--5---8--3------,1575.09
2b.sql,Dynamic Programming,4--3---2---1---0--,1096.67
8d.sql,Dynamic Programming,6--5--3--2---4--1------0--,3371.97
32b.sql,Dynamic Programming,5--4--3----2---1---0--,368.859
9c.sql,Dynamic Programming,7--4---3---6--2----1---5--0---,1161.52
12b.sql,Dynamic Programming,5--2---4--0---1---7--6---3----,228.906
17b.sql,Dynamic Programming,6--4---3---2---1---5--0---,1269.98
1d.sql,Dynamic Programming,4--3---2---1---0--,456.526
27b.sql,Dynamic Programming,9--5---7--3---4---1--0---2---10--6----11-----8--,626.781
13a.sql,Dynamic Programming,6--3---5--0---1---8--7---4---2----,1823.74
25c.sql,Dynamic Programming,7--0---8--6---5---4---3---2---1---,4809.06
6b.sql,Dynamic Programming,4--2---1---3--0---,287.565
2a.sql,Dynamic Programming,4--3---2---1---0--,1137.86
13d.sql,Dynamic Programming,6--3---5--0---1---8--7---4---2----,1376.19
29a.sql,Dynamic Programming,5--4---15---14--0---8---13----11--7---12--9---10--6---2--1---3---16------,1278.23
14b.sql,Dynamic Programming,4--0---7--6---5---3---2---1---,1186.82
30c.sql,Dynamic Programming,10--3---7--4---9--6---8--5---1--0---2----11-----,2329.16
6f.sql,Dynamic Programming,4--2---1---3--0---,2412.72
22b.sql,Dynamic Programming,7--2---9--4---6--0---1---10--5---8--3------,911.768
24b.sql,Dynamic Programming,2--1---10---9--0----11--8---7---6---5---4---3---,1364.33
6d.sql,Dynamic Programming,4--2---1---3--0---,417.219
17d.sql,Dynamic Programming,6--4---3---2---1---5--0---,1270.71
13b.sql,Dynamic Programming,6--3---5--0---1---8--7---4---2----,1169.88
17e.sql,Dynamic Programming,6--4---3---2---1---5--0---,3134.83
5a.sql,Dynamic Programming,4--3---2---1---0--,954.77
15d.sql,Dynamic Programming,6--3---7--4---5--1---2---8--0-----,1717.92
16a.sql,Dynamic Programming,6--0---1---7--5---4---3---2---,4389.31
11c.sql,Dynamic Programming,5--2---4--0---1---7--6---3----,163.315
10a.sql,Dynamic Programming,6--4---3---2---5--1----0--,951.347
11a.sql,Dynamic Programming,5--2---4--0---1---7--6---3----,163.297
5c.sql,Dynamic Programming,4--3---2---1---0--,1392.21
29b.sql,Dynamic Programming,5--4---15---14--0---8---13----11--7---12--9---10--6---2--1---3---16------,1110.1
8a.sql,Dynamic Programming,6--5--3--2---4--1------0--,596.282
12a.sql,Dynamic Programming,5--2---4--0---1---7--6---3----,610.96
14c.sql,Dynamic Programming,4--0---7--6---5---3---2---1---,1575.45
19a.sql,Dynamic Programming,2--1---8---7--0----9--6---5---4---3---,1455.9
16c.sql,Dynamic Programming,6--0---1---7--5---4---3---2---,4288.29
4b.sql,Dynamic Programming,4--3---2---1---0--,120.747
33a.sql,Dynamic Programming,7--0---12--4---9--2---11--6----10--3-----13--5-----8--1---,468.058
3a.sql,Dynamic Programming,3--2---1---0--,1075.9
1b.sql,Dynamic Programming,4--3---2---1---0--,389.239
18a.sql,Dynamic Programming,6--4---3---2---1---5--0---,5293.01
15b.sql,Dynamic Programming,6--3---7--4---5--1---2---8--0-----,544.048
23c.sql,Dynamic Programming,8--4---9--5---7--2---3---10--6---1--0------,636.962
26b.sql,Dynamic Programming,4--3---10---9--6---11--7---8--5---1--0---2------,758.86
19c.sql,Dynamic Programming,2--1---8---7--0----9--6---5---4---3---,1532.64
17f.sql,Dynamic Programming,6--4---3---2---1---5--0---,1954.04
27c.sql,Dynamic Programming,9--5---7--3---4---1--0---2---10--6----11-----8--,952.764
6c.sql,Dynamic Programming,4--2---1---3--0---,262.014
28a.sql,Dynamic Programming,10--5---12--7---9--3---4---13--8---11--6---1--0---2-------,1366.29
32a.sql,Dynamic Programming,5--4--3----2---1---0--,358.909
11d.sql,Dynamic Programming,5--2---4--0---1---7--6---3----,246.616
19d.sql,Dynamic Programming,2--1---8---7--0----9--6---5---4---3---,4293.59
4c.sql,Dynamic Programming,4--3---2---1---0--,525.513
26a.sql,Dynamic Programming,4--3---10---9--6---11--7---8--5---1--0---2------,856.766
10c.sql,Dynamic Programming,6--4---3---2---5--1----0--,1327.41
5b.sql,Dynamic Programming,4--3---2---1---0--,649.845
9b.sql,Dynamic Programming,7--4---3---6--2----1---5--0---,737.719
10b.sql,Dynamic Programming,6--4---3---2---5--1----0--,838.799
6a.sql,Dynamic Programming,4--2---1---3--0---,323.523
30a.sql,Dynamic Programming,10--3---7--4---9--6---8--5---1--0---2----11-----,1650.19
23b.sql,Dynamic Programming,8--4---9--5---7--2---3---10--6---1--0------,457.239
31a.sql,Dynamic Programming,9--0---6--2---8--4---5--1---7--3---10------,1660.65
8b.sql,Dynamic Programming,6--5--3--2---4--1------0--,476.165
2d.sql,Dynamic Programming,4--3---2---1---0--,1104.46
15a.sql,Dynamic Programming,6--3---7--4---5--1---2---8--0-----,559.532
15c.sql,Dynamic Programming,6--3---7--4---5--1---2---8--0-----,1277.25
33c.sql,Dynamic Programming,7--0---12--4---9--2---11--6----10--3-----13--5-----8--1---,1263.18
2c.sql,Dynamic Programming,4--3---2---1---0--,1111.78
21a.sql,Dynamic Programming,6--2---4--0---1---8--7---3-----5--,966.568
17a.sql,Dynamic Programming,6--4---3---2---1---5--0---,1457.12
13c.sql,Dynamic Programming,6--3---5--0---1---8--7---4---2----,1094.74
31b.sql,Dynamic Programming,9--0---6--2---8--4---5--1---7--3---10------,1662.9
20c.sql,Dynamic Programming,8--4---3---7--5---9--6---1--0---2-----,1333.42
7b.sql,Dynamic Programming,7--4---3---1---6--0---2---5---,366.244
21c.sql,Dynamic Programming,6--2---4--0---1---8--7---3-----5--,972.766
7c.sql,Dynamic Programming,7--4---3---1---6--0---2---5---,1693.2
25b.sql,Dynamic Programming,7--0---8--6---5---4---3---2---1---,1201.01
9d.sql,Dynamic Programming,7--4---3---6--2----1---5--0---,1256.19
28c.sql,Dynamic Programming,10--5---12--7---9--3---4---13--8---11--6---1--0---2-------,1396.46
14a.sql,Dynamic Programming,4--0---7--6---5---3---2---1---,1306.41
25a.sql,Dynamic Programming,7--0---8--6---5---4---3---2---1---,2994.43
12c.sql,Dynamic Programming,5--2---4--0---1---7--6---3----,879.347
16d.sql,Dynamic Programming,6--0---1---7--5---4---3---2---,4476.47
20a.sql,Dynamic Programming,8--4---3---7--5---9--6---1--0---2-----,1016.99
6e.sql,Dynamic Programming,4--2---1---3--0---,410.26
3c.sql,Dynamic Programming,3--2---1---0--,1770.76
8c.sql,Dynamic Programming,6--5--3--2---4--1------0--,4640.38
11b.sql,Dynamic Programming,5--2---4--0---1---7--6---3----,115.496
21b.sql,Dynamic Programming,6--2---4--0---1---8--7---3-----5--,539.901
19b.sql,Dynamic Programming,2--1---8---7--0----9--6---5---4---3---,1119.37
24a.sql,Dynamic Programming,2--1---10---9--0----11--8---7---6---5---4---3---,1582.78
1a.sql,Dynamic Programming,4--3---2---1---0--,319.12
23a.sql,Dynamic Programming,8--4---9--5---7--2---3---10--6---1--0------,542.144
29c.sql,Dynamic Programming,5--4---15---14--0---8---13----11--7---12--9---10--6---2--1---3---16------,1503.24
22a.sql,Dynamic Programming,7--2---9--4---6--0---1---10--5---8--3------,930.808
26c.sql,Dynamic Programming,4--3---10---9--6---11--7---8--5---1--0---2------,996.784
27a.sql,Dynamic Programming,9--5---7--3---4---1--0---2---10--6----11-----8--,646.463
17c.sql,Dynamic Programming,6--4---3---2---1---5--0---,1191.42
30b.sql,Dynamic Programming,10--3---7--4---9--6---8--5---1--0---2----11-----,1621.7
3b.sql,Dynamic Programming,3--2---1---0--,534.873
18b.sql,Dynamic Programming,6--4---3---2---1---5--0---,1317.45
33b.sql,Dynamic Programming,7--0---12--4---9--2---11--6----10--3-----13--5-----8--1---,429.5
1c.sql,Dynamic Programming,4--3---2---1---0--,147.961
31c.sql,Dynamic Programming,9--0---6--2---8--4---5--1---7--3---10------,2457.06
28b.sql,Dynamic Programming,10--5---12--7---9--3---4---13--8---11--6---1--0---2-------,778.16
7a.sql,Dynamic Programming,7--4---3---1---6--0---2---5---,601.767
4a.sql,Dynamic Programming,4--3---2---1---0--,313.173
16b.sql,Dynamic Programming,6--0---1---7--5---4---3---2---,6183.63
18c.sql,Dynamic Programming,6--4---3---2---1---5--0---,2231.91
20b.sql,Dynamic Programming,8--4---3---7--5---9--6---1--0---2-----,470.738
9a.sql,Dynamic Programming,7--4---3---6--2----1---5--0---,946.772
22c.sql,Dynamic Programming,7--2---9--4---6--0---1---10--5---8--3------,1460.04
22d.sql,Dynamic Programming,7--2---9--4---6--0---1---10--5---8--3------,1586.12
2b.sql,Dynamic Programming,4--3---2---1---0--,1096.32
8d.sql,Dynamic Programming,6--5--3--2---4--1------0--,3409.34
32b.sql,Dynamic Programming,5--4--3----2---1---0--,369.601
9c.sql,Dynamic Programming,7--4---3---6--2----1---5--0---,1168.98
12b.sql,Dynamic Programming,5--2---4--0---1---7--6---3----,230.904
17b.sql,Dynamic Programming,6--4---3---2---1---5--0---,1283.83
1d.sql,Dynamic Programming,4--3---2---1---0--,459.881
27b.sql,Dynamic Programming,9--5---7--3---4---1--0---2---10--6----11-----8--,631.591
13a.sql,Dynamic Programming,6--3---5--0---1---8--7---4---2----,1835.54
25c.sql,Dynamic Programming,7--0---8--6---5---4---3---2---1---,4827.27
6b.sql,Dynamic Programming,4--2---1---3--0---,286.552
2a.sql,Dynamic Programming,4--3---2---1---0--,1143.97
13d.sql,Dynamic Programming,6--3---5--0---1---8--7---4---2----,1374.63
29a.sql,Dynamic Programming,5--4---15---14--0---8---13----11--7---12--9---10--6---2--1---3---16------,1291.23
14b.sql,Dynamic Programming,4--0---7--6---5---3---2---1---,1195.43
30c.sql,Dynamic Programming,10--3---7--4---9--6---8--5---1--0---2----11-----,2327.53
6f.sql,Dynamic Programming,4--2---1---3--0---,2395.26
22b.sql,Dynamic Programming,7--2---9--4---6--0---1---10--5---8--3------,917.043
24b.sql,Dynamic Programming,2--1---10---9--0----11--8---7---6---5---4---3---,1353.57
6d.sql,Dynamic Programming,4--2---1---3--0---,420.852
17d.sql,Dynamic Programming,6--4---3---2---1---5--0---,1257.54
13b.sql,Dynamic Programming,6--3---5--0---1---8--7---4---2----,1176.1
17e.sql,Dynamic Programming,6--4---3---2---1---5--0---,3139.17
5a.sql,Dynamic Programming,4--3---2---1---0--,955.255
15d.sql,Dynamic Programming,6--3---7--4---5--1---2---8--0-----,1722.43
16a.sql,Dynamic Programming,6--0---1---7--5---4---3---2---,4336.1
11c.sql,Dynamic Programming,5--2---4--0---1---7--6---3----,165.268
10a.sql,Dynamic Programming,6--4---3---2---5--1----0--,949.624
11a.sql,Dynamic Programming,5--2---4--0---1---7--6---3----,162.667
5c.sql,Dynamic Programming,4--3---2---1---0--,1390.86
29b.sql,Dynamic Programming,5--4---15---14--0---8---13----11--7---12--9---10--6---2--1---3---16------,1095.79
8a.sql,Dynamic Programming,6--5--3--2---4--1------0--,596.09
12a.sql,Dynamic Programming,5--2---4--0---1---7--6---3----,620.042
14c.sql,Dynamic Programming,4--0---7--6---5---3---2---1---,1581.55
19a.sql,Dynamic Programming,2--1---8---7--0----9--6---5---4---3---,1448.97
16c.sql,Dynamic Programming,6--0---1---7--5---4---3---2---,4287.38
4b.sql,Dynamic Programming,4--3---2---1---0--,121.011
33a.sql,Dynamic Programming,7--0---12--4---9--2---11--6----10--3-----13--5-----8--1---,469.753
3a.sql,Dynamic Programming,3--2---1---0--,1075.13
1b.sql,Dynamic Programming,4--3---2---1---0--,387.621
18a.sql,Dynamic Programming,6--4---3---2---1---5--0---,5299.06
15b.sql,Dynamic Programming,6--3---7--4---5--1---2---8--0-----,538.137
23c.sql,Dynamic Programming,8--4---9--5---7--2---3---10--6---1--0------,635.471
26b.sql,Dynamic Programming,4--3---10---9--6---11--7---8--5---1--0---2------,746.691
19c.sql,Dynamic Programming,2--1---8---7--0----9--6---5---4---3---,1528.05
17f.sql,Dynamic Programming,6--4---3---2---1---5--0---,1945.19
27c.sql,Dynamic Programming,9--5---7--3---4---1--0---2---10--6----11-----8--,962.845
6c.sql,Dynamic Programming,4--2---1---3--0---,258.312
28a.sql,Dynamic Programming,10--5---12--7---9--3---4---13--8---11--6---1--0---2-------,1368.17
32a.sql,Dynamic Programming,5--4--3----2---1---0--,364.705
11d.sql,Dynamic Programming,5--2---4--0---1---7--6---3----,245.749
19d.sql,Dynamic Programming,2--1---8---7--0----9--6---5---4---3---,4277.05
4c.sql,Dynamic Programming,4--3---2---1---0--,522.471
26a.sql,Dynamic Programming,4--3---10---9--6---11--7---8--5---1--0---2------,865.615
10c.sql,Dynamic Programming,6--4---3---2---5--1----0--,1325.74
5b.sql,Dynamic Programming,4--3---2---1---0--,645.634
9b.sql,Dynamic Programming,7--4---3---6--2----1---5--0---,734.757
10b.sql,Dynamic Programming,6--4---3---2---5--1----0--,834.545
6a.sql,Dynamic Programming,4--2---1---3--0---,316.8
30a.sql,Dynamic Programming,10--3---7--4---9--6---8--5---1--0---2----11-----,1641.23
23b.sql,Dynamic Programming,8--4---9--5---7--2---3---10--6---1--0------,456.373
31a.sql,Dynamic Programming,9--0---6--2---8--4---5--1---7--3---10------,1661.88
8b.sql,Dynamic Programming,6--5--3--2---4--1------0--,470.969
2d.sql,Dynamic Programming,4--3---2---1---0--,1104.53
15a.sql,Dynamic Programming,6--3---7--4---5--1---2---8--0-----,561.865
15c.sql,Dynamic Programming,6--3---7--4---5--1---2---8--0-----,1279
33c.sql,Dynamic Programming,7--0---12--4---9--2---11--6----10--3-----13--5-----8--1---,1264.68
2c.sql,Dynamic Programming,4--3---2---1---0--,1104.88
21a.sql,Dynamic Programming,6--2---4--0---1---8--7---3-----5--,975.405
17a.sql,Dynamic Programming,6--4---3---2---1---5--0---,1459.09
13c.sql,Dynamic Programming,6--3---5--0---1---8--7---4---2----,1110.74
31b.sql,Dynamic Programming,9--0---6--2---8--4---5--1---7--3---10------,1674.24
20c.sql,Dynamic Programming,8--4---3---7--5---9--6---1--0---2-----,1329.13
7b.sql,Dynamic Programming,7--4---3---1---6--0---2---5---,366.188
21c.sql,Dynamic Programming,6--2---4--0---1---8--7---3-----5--,980.518
7c.sql,Dynamic Programming,7--4---3---1---6--0---2---5---,1677.92
25b.sql,Dynamic Programming,7--0---8--6---5---4---3---2---1---,1214.4
9d.sql,Dynamic Programming,7--4---3---6--2----1---5--0---,1252
28c.sql,Dynamic Programming,10--5---12--7---9--3---4---13--8---11--6---1--0---2-------,1402.85
14a.sql,Dynamic Programming,4--0---7--6---5---3---2---1---,1319.14
25a.sql,Dynamic Programming,7--0---8--6---5---4---3---2---1---,2995.53
12c.sql,Dynamic Programming,5--2---4--0---1---7--6---3----,890.366
16d.sql,Dynamic Programming,6--0---1---7--5---4---3---2---,4475.6
20a.sql,Dynamic Programming,8--4---3---7--5---9--6---1--0---2-----,1018.78
6e.sql,Dynamic Programming,4--2---1---3--0---,419.798
3c.sql,Dynamic Programming,3--2---1---0--,1773.09
8c.sql,Dynamic Programming,6--5--3--2---4--1------0--,4626.74
11b.sql,Dynamic Programming,5--2---4--0---1---7--6---3----,113.994
21b.sql,Dynamic Programming,6--2---4--0---1---8--7---3-----5--,537.419
19b.sql,Dynamic Programming,2--1---8---7--0----9--6---5---4---3---,1123.47
24a.sql,Dynamic Programming,2--1---10---9--0----11--8---7---6---5---4---3---,1555.18
1a.sql,Dynamic Programming,4--3---2---1---0--,320.568
23a.sql,Dynamic Programming,8--4---9--5---7--2---3---10--6---1--0------,542.993
29c.sql,Dynamic Programming,5--4---15---14--0---8---13----11--7---12--9---10--6---2--1---3---16------,1508.07
22a.sql,Dynamic Programming,7--2---9--4---6--0---1---10--5---8--3------,927.449
26c.sql,Dynamic Programming,4--3---10---9--6---11--7---8--5---1--0---2------,988.711
27a.sql,Dynamic Programming,9--5---7--3---4---1--0---2---10--6----11-----8--,645.585
17c.sql,Dynamic Programming,6--4---3---2---1---5--0---,1190.25
30b.sql,Dynamic Programming,10--3---7--4---9--6---8--5---1--0---2----11-----,1617.35
3b.sql,Dynamic Programming,3--2---1---0--,541.084
18b.sql,Dynamic Programming,6--4---3---2---1---5--0---,1314.02
33b.sql,Dynamic Programming,7--0---12--4---9--2---11--6----10--3-----13--5-----8--1---,428.269
1c.sql,Dynamic Programming,4--3---2---1---0--,147.946
31c.sql,Dynamic Programming,9--0---6--2---8--4---5--1---7--3---10------,2452.95
28b.sql,Dynamic Programming,10--5---12--7---9--3---4---13--8---11--6---1--0---2-------,784.495
7a.sql,Dynamic Programming,7--4---3---1---6--0---2---5---,597.597
4a.sql,Dynamic Programming,4--3---2---1---0--,311.695
16b.sql,Dynamic Programming,6--0---1---7--5---4---3---2---,6183.84
18c.sql,Dynamic Programming,6--4---3---2---1---5--0---,2228.8
20b.sql,Dynamic Programming,8--4---3---7--5---9--6---1--0---2-----,470.503
9a.sql,Dynamic Programming,7--4---3---6--2----1---5--0---,938.713
22c.sql,Dynamic Programming,7--2---9--4---6--0---1---10--5---8--3------,1458.9
22d.sql,Dynamic Programming,7--2---9--4---6--0---1---10--5---8--3------,1581.17
2b.sql,Dynamic Programming,4--3---2---1---0--,1093.43
8d.sql,Dynamic Programming,6--5--3--2---4--1------0--,3378.2
32b.sql,Dynamic Programming,5--4--3----2---1---0--,367.048
9c.sql,Dynamic Programming,7--4---3---6--2----1---5--0---,1162.69
12b.sql,Dynamic Programming,5--2---4--0---1---7--6---3----,232.523
17b.sql,Dynamic Programming,6--4---3---2---1---5--0---,1276.89
1d.sql,Dynamic Programming,4--3---2---1---0--,457.694
27b.sql,Dynamic Programming,9--5---7--3---4---1--0---2---10--6----11-----8--,630.354
13a.sql,Dynamic Programming,6--3---5--0---1---8--7---4---2----,1853.62
25c.sql,Dynamic Programming,7--0---8--6---5---4---3---2---1---,4833.37
6b.sql,Dynamic Programming,4--2---1---3--0---,291.049
2a.sql,Dynamic Programming,4--3---2---1---0--,1150.21
13d.sql,Dynamic Programming,6--3---5--0---1---8--7---4---2----,1393.05
29a.sql,Dynamic Programming,5--4---15---14--0---8---13----11--7---12--9---10--6---2--1---3---16------,1291.87
14b.sql,Dynamic Programming,4--0---7--6---5---3---2---1---,1186.77