Group,Optimizer,Loop,JoinOrder,ExecutionTime
30c.sql,Reinforcement Learning,60,6-9-3-11-0-8-2-5-10-7-1-4-,2152.83
6f.sql,Reinforcement Learning,10,1-2-0-4-3-,1324.18
22b.sql,Reinforcement Learning,65,4-9-10-8-6-5-0-3-7-1-2-,882.681
24b.sql,Reinforcement Learning,72,5-8-11-7-4-2-1-0-10-9-6-3-,1231.81
6d.sql,Reinforcement Learning,10,3-0-2-4-1-,407.996
17d.sql,Reinforcement Learning,16,5-0-4-2-6-3-1-,544.114
13b.sql,Reinforcement Learning,45,4-8-5-1-6-3-0-7-2-,222.428
17e.sql,Reinforcement Learning,18,2-4-0-3-1-6-5-,1919.79
5a.sql,Reinforcement Learning,12,0-2-3-1-4-,120.812
15d.sql,Reinforcement Learning,41,3-6-7-8-5-1-0-4-2-,454.634
16a.sql,Reinforcement Learning,24,7-5-3-1-0-6-4-2-,516.694
11c.sql,Reinforcement Learning,30,2-5-6-7-3-4-1-0-,280.812
10a.sql,Reinforcement Learning,44,2-4-3-1-0-5-6-,839.324
11a.sql,Reinforcement Learning,24,3-6-4-0-1-7-5-2-,142.779
5c.sql,Reinforcement Learning,11,0-2-3-1-4-,1249.03
8a.sql,Reinforcement Learning,67,4-1-0-5-3-2-6-,589.86
12a.sql,Reinforcement Learning,23,3-6-4-1-0-5-7-2-,552.221
14c.sql,Reinforcement Learning,23,2-6-7-5-1-3-4-0-,1232.39
16c.sql,Reinforcement Learning,16,3-5-7-4-2-1-6-0-,786.263
4b.sql,Reinforcement Learning,11,0-2-4-3-1-,77.552
3a.sql,Reinforcement Learning,8,0-2-3-1-,901.974
1b.sql,Reinforcement Learning,9,1-3-4-2-0-,91.651
18a.sql,Reinforcement Learning,15,1-3-0-5-6-4-2-,911.643
15b.sql,Reinforcement Learning,58,1-5-7-8-4-0-2-6-3-,463.879
26b.sql,Reinforcement Learning,60,6-9-8-0-5-1-4-10-3-2-11-7-,628.236
19c.sql,Reinforcement Learning,78,7-2-9-6-4-1-0-8-5-3-,1248.64
17f.sql,Reinforcement Learning,16,2-4-0-5-3-6-1-,1009.65
6c.sql,Reinforcement Learning,12,1-2-0-4-3-,249.1
32a.sql,Reinforcement Learning,20,5-3-2-0-4-1-,260.527
11d.sql,Reinforcement Learning,23,2-5-6-7-3-4-0-1-,321.864
19d.sql,Reinforcement Learning,53,7-2-9-6-4-5-3-1-8-0-,2303.98
4c.sql,Reinforcement Learning,9,1-3-4-2-0-,178.832
26a.sql,Reinforcement Learning,76,6-9-0-1-4-3-8-5-2-11-10-7-,996.745
10c.sql,Reinforcement Learning,41,0-1-4-2-5-6-3-,940.836
5b.sql,Reinforcement Learning,10,0-2-4-3-1-,98.444
9b.sql,Reinforcement Learning,28,5-0-2-6-1-4-3-7-,697.01
10b.sql,Reinforcement Learning,31,2-4-1-5-0-6-3-,811.428
6a.sql,Reinforcement Learning,11,1-2-0-3-4-,284.673
30a.sql,Reinforcement Learning,60,6-9-3-11-0-2-10-1-8-7-4-5-,1465.86
31a.sql,Reinforcement Learning,56,1-5-8-4-10-0-7-6-2-3-9-,1505.39
8b.sql,Reinforcement Learning,96,4-1-3-5-2-6-0-,471.091
2d.sql,Reinforcement Learning,9,1-3-4-2-0-,279.022
15a.sql,Reinforcement Learning,62,3-6-7-8-0-4-5-1-2-,591.226
15c.sql,Reinforcement Learning,70,6-7-8-3-5-2-1-4-0-,623.867
2c.sql,Reinforcement Learning,10,0-2-4-3-1-,203.944
21a.sql,Reinforcement Learning,27,2-6-7-8-5-3-4-0-1-,964.583
17a.sql,Reinforcement Learning,17,2-4-0-5-3-1-6-,886.778
13c.sql,Reinforcement Learning,63,8-5-1-6-3-0-4-7-2-,177.442
31b.sql,Reinforcement Learning,47,4-8-10-0-7-9-6-2-5-3-1-,1468.17
20c.sql,Reinforcement Learning,28,5-7-0-1-4-3-2-8-9-6-,966.409
7b.sql,Reinforcement Learning,67,6-2-1-7-4-3-5-0-,284.774
21c.sql,Reinforcement Learning,29,2-6-7-8-5-3-4-1-0-,1039.88
7c.sql,Reinforcement Learning,59,5-1-4-6-7-2-3-0-,1057.37
25b.sql,Reinforcement Learning,41,3-6-8-5-0-7-4-2-1-,1198.48
9d.sql,Reinforcement Learning,29,5-2-7-4-3-1-6-0-,1132.67
14a.sql,Reinforcement Learning,21,2-6-7-5-1-4-0-3-,1196.06
25a.sql,Reinforcement Learning,33,3-6-0-7-8-4-1-5-2-,1318.58
12c.sql,Reinforcement Learning,30,3-6-5-7-2-4-1-0-,808.954
16d.sql,Reinforcement Learning,16,3-5-7-4-2-1-6-0-,730.153
20a.sql,Reinforcement Learning,67,3-4-9-7-5-6-0-1-2-8-,737.705
6e.sql,Reinforcement Learning,15,1-2-0-3-4-,330.275
3c.sql,Reinforcement Learning,9,0-2-1-3-,1202.93
8c.sql,Reinforcement Learning,18,5-1-6-4-3-2-0-,3316.58
11b.sql,Reinforcement Learning,52,3-6-4-0-1-5-7-2-,89.598
21b.sql,Reinforcement Learning,40,2-6-5-8-7-3-4-1-0-,561.804
1a.sql,Reinforcement Learning,9,1-3-4-2-0-,131.084
23a.sql,Reinforcement Learning,93,10-6-8-9-5-7-3-2-4-0-1-,562.387
22a.sql,Reinforcement Learning,56,4-9-10-8-3-7-6-1-5-0-2-,902.843
26c.sql,Reinforcement Learning,72,6-9-0-4-3-11-10-7-1-2-8-5-,971.131
17c.sql,Reinforcement Learning,16,5-0-4-2-6-3-1-,472.739
30b.sql,Reinforcement Learning,96,6-9-11-7-8-0-1-3-4-10-2-5-,1406.53
3b.sql,Reinforcement Learning,8,0-2-3-1-,509.014
18b.sql,Reinforcement Learning,17,2-4-6-3-1-0-5-,1274.93
1c.sql,Reinforcement Learning,9,1-3-4-2-0-,88.747
31c.sql,Reinforcement Learning,70,1-5-8-4-10-0-6-2-9-7-3-,2246.75
7a.sql,Reinforcement Learning,26,2-6-5-0-1-4-3-7-,362.266
4a.sql,Reinforcement Learning,9,1-3-4-2-0-,131.647
16b.sql,Reinforcement Learning,24,3-5-1-6-4-2-0-7-,2616.99
18c.sql,Reinforcement Learning,18,5-0-3-1-6-4-2-,2095.19
20b.sql,Reinforcement Learning,34,8-4-7-9-3-6-5-0-1-2-,557.689
9a.sql,Reinforcement Learning,35,5-0-2-1-6-4-7-3-,856.991
22c.sql,Reinforcement Learning,65,4-9-10-7-2-8-3-6-5-1-0-,1353.52
22d.sql,Reinforcement Learning,57,4-9-10-7-2-8-3-6-0-1-5-,1370.17
2b.sql,Reinforcement Learning,14,1-3-4-2-0-,294.935
8d.sql,Reinforcement Learning,20,5-1-6-4-3-2-0-,794.872
32b.sql,Reinforcement Learning,15,5-3-2-0-4-1-,262.156
9c.sql,Reinforcement Learning,53,5-0-2-6-1-4-3-7-,943.894
12b.sql,Reinforcement Learning,19,2-5-7-6-3-4-1-0-,266.133
17b.sql,Reinforcement Learning,17,5-0-4-2-3-6-1-,648.774
1d.sql,Reinforcement Learning,9,1-3-4-2-0-,87.307
13a.sql,Reinforcement Learning,27,0-5-1-6-3-7-2-8-4-,789.298
25c.sql,Reinforcement Learning,25,3-6-0-8-4-7-1-5-2-,2186.17
6b.sql,Reinforcement Learning,11,4-2-1-0-3-,283.764
2a.sql,Reinforcement Learning,13,1-3-4-2-0-,256.448
13d.sql,Reinforcement Learning,32,2-7-5-1-0-6-3-8-4-,1270.88
14b.sql,Reinforcement Learning,35,2-6-7-5-3-1-4-0-,1170.83
29b.sql,Reinforcement Learning,99,9-12-16-11-5-14-10-6-8-13-0-4-15-7-1-2-3-,977.721
19a.sql,Reinforcement Learning,99,7-2-9-8-0-1-5-6-4-3-,1205.71
33a.sql,Reinforcement Learning,99,4-12-11-6-13-10-7-3-0-5-8-1-9-2-,322.114
23c.sql,Reinforcement Learning,99,4-8-9-5-10-7-0-1-6-3-2-,611.16
27c.sql,Reinforcement Learning,99,5-9-10-11-8-6-7-4-3-0-2-1-,1036.19
28a.sql,Reinforcement Learning,99,7-12-0-13-11-6-1-2-9-3-4-8-10-5-,1370.48
23b.sql,Reinforcement Learning,99,5-9-8-10-6-7-4-0-2-1-3-,532.04
33c.sql,Reinforcement Learning,99,6-11-12-13-10-3-5-8-7-1-0-4-9-2-,321.027
28c.sql,Reinforcement Learning,99,7-12-13-0-11-6-10-8-1-9-3-4-5-2-,1328.92
19b.sql,Reinforcement Learning,99,7-2-1-8-6-5-4-3-9-0-,1040.73
24a.sql,Reinforcement Learning,99,5-8-2-9-1-10-7-4-6-0-3-11-,1273.16
29c.sql,Reinforcement Learning,99,9-12-5-16-1-3-4-15-2-0-13-14-8-11-7-10-6-,1429.27
27a.sql,Reinforcement Learning,99,5-9-11-8-7-0-2-3-1-4-10-6-,681.751
33b.sql,Reinforcement Learning,99,4-12-11-6-13-5-8-1-10-9-2-3-7-0-,296.65
28b.sql,Reinforcement Learning,99,7-12-13-0-10-8-5-2-1-11-6-9-3-4-,742.625
27b.sql,Reinforcement Learning,99,5-9-8-11-10-7-4-3-6-0-1-2-,628.789
29a.sql,Reinforcement Learning,99,9-12-16-11-5-14-13-0-1-3-8-4-2-15-7-10-6-,1138.06
30c.sql,Reinforcement Learning,50,6-9-3-11-0-10-1-8-5-7-4-2-,2145.01
6f.sql,Reinforcement Learning,10,1-2-0-4-3-,1316.44
22b.sql,Reinforcement Learning,73,4-9-10-6-1-5-7-0-2-8-3-,896.92
24b.sql,Reinforcement Learning,83,5-8-11-7-2-1-9-4-0-10-6-3-,1228.3
6d.sql,Reinforcement Learning,11,3-0-2-1-4-,406.347
17d.sql,Reinforcement Learning,24,5-0-4-2-3-1-6-,564.228
13b.sql,Reinforcement Learning,44,4-8-5-1-6-0-3-7-2-,230.993
17e.sql,Reinforcement Learning,25,2-4-0-3-1-6-5-,1919.59
5a.sql,Reinforcement Learning,10,0-2-4-3-1-,122.94
15d.sql,Reinforcement Learning,63,6-0-8-7-3-5-2-1-4-,454.826
16a.sql,Reinforcement Learning,24,7-5-3-1-0-6-4-2-,514.104
11c.sql,Reinforcement Learning,32,2-5-6-7-4-0-1-3-,278.655
10a.sql,Reinforcement Learning,18,2-4-3-1-5-0-6-,837.225
11a.sql,Reinforcement Learning,27,3-6-4-0-7-1-5-2-,140.227
5c.sql,Reinforcement Learning,11,0-2-3-1-4-,1250.4
8a.sql,Reinforcement Learning,64,4-1-3-6-2-5-0-,557.798
12a.sql,Reinforcement Learning,28,3-6-4-1-5-2-0-7-,547.85
14c.sql,Reinforcement Learning,20,2-6-7-5-1-3-4-0-,1238.75
19a.sql,Reinforcement Learning,94,7-2-9-1-8-5-6-3-4-0-,1187.51
16c.sql,Reinforcement Learning,16,3-5-7-4-2-1-6-0-,784.219
4b.sql,Reinforcement Learning,11,0-2-4-3-1-,78.452
3a.sql,Reinforcement Learning,8,0-2-3-1-,905.364
1b.sql,Reinforcement Learning,9,1-3-4-2-0-,88.642
18a.sql,Reinforcement Learning,15,1-3-0-5-6-4-2-,893.455
15b.sql,Reinforcement Learning,69,1-5-7-8-0-4-2-6-3-,449.057
26b.sql,Reinforcement Learning,78,6-9-8-0-5-1-4-3-10-2-11-7-,647.755
19c.sql,Reinforcement Learning,76,7-2-9-6-5-3-8-4-0-1-,1242.73
17f.sql,Reinforcement Learning,17,2-4-0-5-3-1-6-,1005.1
6c.sql,Reinforcement Learning,10,1-2-0-4-3-,248.383
32a.sql,Reinforcement Learning,21,5-3-2-0-4-1-,259.862
11d.sql,Reinforcement Learning,31,2-5-6-7-4-0-3-1-,293.772
19d.sql,Reinforcement Learning,60,7-2-9-6-4-5-3-8-1-0-,2279.32
4c.sql,Reinforcement Learning,17,1-3-2-0-4-,174.541
26a.sql,Reinforcement Learning,66,6-9-0-1-4-3-8-10-2-11-7-5-,970.238
10c.sql,Reinforcement Learning,33,0-1-4-3-2-5-6-,927.069
5b.sql,Reinforcement Learning,10,0-2-4-3-1-,97.745
9b.sql,Reinforcement Learning,51,5-0-2-6-1-7-4-3-,695.128
10b.sql,Reinforcement Learning,20,2-4-6-3-1-0-5-,806.532
6a.sql,Reinforcement Learning,10,1-2-0-4-3-,282.041
30a.sql,Reinforcement Learning,74,6-9-0-11-2-3-8-10-5-1-7-4-,1446.12
23b.sql,Reinforcement Learning,93,5-9-8-4-10-6-7-0-1-3-2-,526.404
31a.sql,Reinforcement Learning,47,1-5-8-4-10-0-9-7-3-6-2-,1466.81
8b.sql,Reinforcement Learning,37,4-1-6-3-0-2-5-,464.789
2d.sql,Reinforcement Learning,11,1-3-4-2-0-,279.209
15a.sql,Reinforcement Learning,87,6-7-8-0-4-5-2-1-3-,582.746
2c.sql,Reinforcement Learning,11,0-2-3-4-1-,189.335
21a.sql,Reinforcement Learning,26,2-6-5-8-7-3-4-0-1-,968.883
17a.sql,Reinforcement Learning,17,2-4-0-5-3-1-6-,887.758
13c.sql,Reinforcement Learning,50,4-8-5-0-1-6-7-2-3-,178.155
31b.sql,Reinforcement Learning,49,4-8-10-7-0-9-6-3-2-5-1-,1433.79
20c.sql,Reinforcement Learning,38,5-7-0-1-4-3-8-2-9-6-,971.49
7b.sql,Reinforcement Learning,47,6-2-1-7-0-4-3-5-,283.7
21c.sql,Reinforcement Learning,27,2-6-7-8-3-5-4-0-1-,1042.91
7c.sql,Reinforcement Learning,46,5-1-4-6-7-3-2-0-,1046.41
25b.sql,Reinforcement Learning,24,3-6-8-0-7-5-2-4-1-,1169.59
9d.sql,Reinforcement Learning,26,5-2-7-4-6-3-1-0-,1123.7
14a.sql,Reinforcement Learning,20,2-6-7-5-1-3-4-0-,1198.59
25a.sql,Reinforcement Learning,35,3-6-0-7-4-5-2-8-1-,1287.24
12c.sql,Reinforcement Learning,41,6-5-2-3-7-4-1-0-,801.502
16d.sql,Reinforcement Learning,16,3-5-7-4-2-1-6-0-,750.87
20a.sql,Reinforcement Learning,66,3-4-9-8-7-5-0-6-1-2-,739.406
6e.sql,Reinforcement Learning,17,1-2-0-3-4-,332.47
3c.sql,Reinforcement Learning,9,0-2-1-3-,1199.52
8c.sql,Reinforcement Learning,18,5-1-6-4-3-2-0-,3278.93
11b.sql,Reinforcement Learning,50,3-6-4-0-1-5-2-7-,86.769
21b.sql,Reinforcement Learning,64,2-6-5-8-7-3-4-0-1-,555.303
1a.sql,Reinforcement Learning,9,1-3-4-2-0-,130.477
22a.sql,Reinforcement Learning,32,4-9-10-8-3-5-7-2-6-1-0-,917.006
27a.sql,Reinforcement Learning,75,5-9-11-10-8-7-4-6-3-0-1-2-,682.115
17c.sql,Reinforcement Learning,15,5-0-4-2-6-3-1-,480.825
3b.sql,Reinforcement Learning,8,0-2-3-1-,505.476
18b.sql,Reinforcement Learning,30,2-4-6-3-0-1-5-,1255.21
1c.sql,Reinforcement Learning,9,1-3-4-2-0-,87.262
31c.sql,Reinforcement Learning,43,1-5-8-4-10-0-9-7-3-6-2-,2213.62
7a.sql,Reinforcement Learning,23,2-6-5-0-1-7-4-3-,352.807
4a.sql,Reinforcement Learning,12,1-3-2-4-0-,131.362
16b.sql,Reinforcement Learning,24,3-5-1-6-4-2-0-7-,2606.39
18c.sql,Reinforcement Learning,20,5-0-3-1-6-4-2-,2092.37
20b.sql,Reinforcement Learning,74,3-4-7-9-5-0-2-1-8-6-,555.064
9a.sql,Reinforcement Learning,35,5-2-1-6-4-7-3-0-,842.318
22c.sql,Reinforcement Learning,48,4-9-10-7-2-5-8-3-6-0-1-,1364.7
22d.sql,Reinforcement Learning,47,4-9-10-7-2-8-3-5-6-0-1-,1367.34
2b.sql,Reinforcement Learning,13,1-3-4-2-0-,292.525
8d.sql,Reinforcement Learning,21,5-1-6-4-3-2-0-,788.307
32b.sql,Reinforcement Learning,15,5-3-2-0-4-1-,261.528
12b.sql,Reinforcement Learning,35,2-5-7-6-3-4-0-1-,269.162
17b.sql,Reinforcement Learning,16,5-0-4-2-6-3-1-,646.633
1d.sql,Reinforcement Learning,9,1-3-4-2-0-,88.062
13a.sql,Reinforcement Learning,27,0-5-1-6-3-7-2-8-4-,781.999
25c.sql,Reinforcement Learning,31,3-6-0-8-7-4-1-5-2-,2145.58
6b.sql,Reinforcement Learning,11,4-2-1-0-3-,287.02
2a.sql,Reinforcement Learning,13,1-3-4-2-0-,257.649
13d.sql,Reinforcement Learning,32,2-7-5-1-0-6-3-8-4-,1266.89
14b.sql,Reinforcement Learning,29,2-6-7-3-4-0-5-1-,1174.08
29b.sql,Reinforcement Learning,99,9-12-16-11-5-14-15-7-8-4-0-13-10-6-1-2-3-,954.37
33a.sql,Reinforcement Learning,99,4-12-11-6-13-8-7-1-0-5-10-3-9-2-,324.413
23c.sql,Reinforcement Learning,99,8-9-4-10-6-5-7-3-2-0-1-,634.087
27c.sql,Reinforcement Learning,99,5-9-10-11-6-8-7-4-0-1-2-3-,1027.54
28a.sql,Reinforcement Learning,99,7-12-0-13-1-11-10-5-9-8-3-4-6-2-,1358.22
15c.sql,Reinforcement Learning,99,6-7-8-4-3-5-1-0-2-,622.116
33c.sql,Reinforcement Learning,99,6-11-12-13-10-3-9-8-7-1-0-2-5-4-,319.779
28c.sql,Reinforcement Learning,99,7-12-13-0-11-6-2-8-1-10-5-9-3-4-,1340.1
19b.sql,Reinforcement Learning,99,7-2-1-9-0-8-5-3-6-4-,1034.19
24a.sql,Reinforcement Learning,99,5-8-2-9-10-1-11-0-6-3-7-4-,1281.23
23a.sql,Reinforcement Learning,99,10-6-8-9-5-7-4-2-0-1-3-,570.111
29c.sql,Reinforcement Learning,99,9-12-5-1-16-3-2-0-4-13-14-8-15-11-7-10-6-,1434.89
26c.sql,Reinforcement Learning,99,6-9-0-4-3-11-7-10-8-1-5-2-,999.256
30b.sql,Reinforcement Learning,99,6-9-11-8-3-10-7-0-2-1-4-5-,1387.7
33b.sql,Reinforcement Learning,99,4-12-11-13-5-10-8-6-1-3-9-2-7-0-,289.875
28b.sql,Reinforcement Learning,99,7-12-13-0-1-10-9-5-2-3-4-8-11-6-,749.38
9c.sql,Reinforcement Learning,99,5-2-7-1-4-3-0-6-,940.586
27b.sql,Reinforcement Learning,99,5-9-11-8-0-1-7-3-4-10-2-6-,625.106
29a.sql,Reinforcement Learning,99,9-12-16-10-11-5-14-13-4-7-6-0-8-15-1-2-3-,1120.03
6f.sql,Reinforcement Learning,10,1-2-0-4-3-,1317.95
22b.sql,Reinforcement Learning,93,4-9-10-6-8-7-1-5-0-2-3-,897.938
6d.sql,Reinforcement Learning,11,3-0-2-1-4-,422.555
17d.sql,Reinforcement Learning,16,5-0-4-2-6-3-1-,532.997
13b.sql,Reinforcement Learning,47,4-8-5-1-6-3-0-7-2-,235.384
17e.sql,Reinforcement Learning,18,2-4-0-3-1-6-5-,1921.2
5a.sql,Reinforcement Learning,16,0-2-3-1-4-,119.666
15d.sql,Reinforcement Learning,42,3-6-7-8-0-5-1-4-2-,450.698
16a.sql,Reinforcement Learning,32,7-5-3-1-0-6-4-2-,510.649
11c.sql,Reinforcement Learning,30,2-5-6-7-3-4-0-1-,278.707
10a.sql,Reinforcement Learning,18,2-4-3-1-5-0-6-,829.808
11a.sql,Reinforcement Learning,23,3-6-4-0-7-1-5-2-,140.604
5c.sql,Reinforcement Learning,11,0-2-3-4-1-,1254.55
8a.sql,Reinforcement Learning,43,4-1-3-2-5-0-6-,567.011
12a.sql,Reinforcement Learning,41,3-6-4-1-5-7-0-2-,545.969
14c.sql,Reinforcement Learning,21,2-6-7-5-1-3-4-0-,1236.56
19a.sql,Reinforcement Learning,56,7-0-2-5-8-9-3-6-1-4-,1198.2
16c.sql,Reinforcement Learning,16,3-5-7-4-2-1-6-0-,778.471
4b.sql,Reinforcement Learning,10,0-2-4-3-1-,78.807
3a.sql,Reinforcement Learning,8,0-2-3-1-,901.359
1b.sql,Reinforcement Learning,9,1-3-4-2-0-,88.097
18a.sql,Reinforcement Learning,15,1-3-0-5-6-4-2-,890.249
15b.sql,Reinforcement Learning,58,1-5-7-2-8-0-4-6-3-,450.662
26b.sql,Reinforcement Learning,74,6-9-8-11-0-5-1-2-7-4-3-10-,654.368
19c.sql,Reinforcement Learning,47,7-0-2-9-6-1-8-5-4-3-,1244.66
17f.sql,Reinforcement Learning,16,2-4-0-5-3-6-1-,1007.76
6c.sql,Reinforcement Learning,10,1-2-0-4-3-,250.924
32a.sql,Reinforcement Learning,16,5-3-2-0-1-4-,259.18
11d.sql,Reinforcement Learning,21,2-5-6-7-3-4-1-0-,294.255
19d.sql,Reinforcement Learning,54,7-2-9-6-4-5-3-8-1-0-,2304.1
4c.sql,Reinforcement Learning,9,1-3-4-2-0-,181.376
26a.sql,Reinforcement Learning,70,6-9-0-1-4-3-8-5-10-11-2-7-,1005.97
10c.sql,Reinforcement Learning,24,0-1-5-4-3-2-6-,933.702
5b.sql,Reinforcement Learning,10,0-2-4-3-1-,98.435
9b.sql,Reinforcement Learning,55,5-0-2-1-6-7-4-3-,696.177
10b.sql,Reinforcement Learning,37,2-4-1-5-0-3-6-,805.583
6a.sql,Reinforcement Learning,11,1-2-0-3-4-,287.268
30a.sql,Reinforcement Learning,82,6-9-0-11-2-7-3-10-4-1-8-5-,1434.8
31a.sql,Reinforcement Learning,43,1-5-8-4-10-0-9-6-2-7-3-,1466.36
8b.sql,Reinforcement Learning,36,4-0-1-3-2-6-5-,465.948
2d.sql,Reinforcement Learning,9,1-3-4-2-0-,278.748
15a.sql,Reinforcement Learning,61,6-7-8-0-4-5-2-3-1-,581.661
15c.sql,Reinforcement Learning,38,6-7-8-4-0-3-5-1-2-,621.503
2c.sql,Reinforcement Learning,10,0-2-4-3-1-,204.907
21a.sql,Reinforcement Learning,32,2-6-7-8-5-3-4-0-1-,970.112
17a.sql,Reinforcement Learning,17,2-4-0-5-3-1-6-,880.956
13c.sql,Reinforcement Learning,51,8-5-4-0-1-6-3-7-2-,178.956
31b.sql,Reinforcement Learning,53,4-8-10-0-9-7-3-6-5-1-2-,1447.42
20c.sql,Reinforcement Learning,43,5-7-0-1-4-3-2-9-6-8-,977.418
7b.sql,Reinforcement Learning,76,6-0-1-4-3-7-2-5-,285.404
21c.sql,Reinforcement Learning,50,2-6-7-8-4-1-5-0-3-,1029.76
7c.sql,Reinforcement Learning,67,5-1-4-6-7-2-3-0-,1036.89
25b.sql,Reinforcement Learning,25,3-6-8-0-5-2-7-4-1-,1177.03
9d.sql,Reinforcement Learning,25,5-2-7-4-3-1-0-6-,1129.19
14a.sql,Reinforcement Learning,25,2-6-7-5-3-1-4-0-,1198.97
25a.sql,Reinforcement Learning,46,3-6-0-7-8-4-1-5-2-,1278.95
12c.sql,Reinforcement Learning,47,6-3-5-7-4-0-2-1-,803.307
16d.sql,Reinforcement Learning,16,3-5-7-4-2-1-6-0-,749.611
20a.sql,Reinforcement Learning,86,3-4-9-7-5-0-1-2-6-8-,720.704
6e.sql,Reinforcement Learning,11,1-2-0-3-4-,332.184
3c.sql,Reinforcement Learning,9,0-2-1-3-,1197.12
8c.sql,Reinforcement Learning,18,5-1-6-4-3-2-0-,3277.92
11b.sql,Reinforcement Learning,56,3-6-4-0-1-5-2-7-,88.305
21b.sql,Reinforcement Learning,43,2-6-5-8-4-0-1-7-3-,556.085
19b.sql,Reinforcement Learning,79,7-0-2-1-6-4-9-5-8-3-,1034.83
24a.sql,Reinforcement Learning,85,5-8-2-9-1-11-7-4-6-3-0-10-,1260.52
1a.sql,Reinforcement Learning,9,1-3-4-2-0-,131.828
22a.sql,Reinforcement Learning,41,4-9-10-8-3-7-2-6-0-1-5-,920.341
26c.sql,Reinforcement Learning,80,6-9-0-4-3-11-7-1-8-10-2-5-,1008.85
27a.sql,Reinforcement Learning,59,5-9-11-10-6-8-7-3-4-0-1-2-,681.163
17c.sql,Reinforcement Learning,16,5-0-4-2-6-3-1-,482.526
30b.sql,Reinforcement Learning,65,6-9-11-7-8-5-3-10-4-0-2-1-,1408.34
3b.sql,Reinforcement Learning,8,0-2-3-1-,508.467
18b.sql,Reinforcement Learning,20,5-0-4-6-2-3-1-,1279.68
1c.sql,Reinforcement Learning,9,1-3-4-2-0-,87.643
31c.sql,Reinforcement Learning,46,1-5-8-4-10-0-7-9-3-6-2-,2218.12
7a.sql,Reinforcement Learning,21,2-6-5-0-1-7-4-3-,357.361
4a.sql,Reinforcement Learning,17,1-3-2-0-4-,130.154
16b.sql,Reinforcement Learning,24,3-5-1-6-4-2-0-7-,2606.73
18c.sql,Reinforcement Learning,24,5-0-3-1-6-4-2-,2095.39
20b.sql,Reinforcement Learning,69,8-4-7-9-6-5-3-0-1-2-,555.5
9a.sql,Reinforcement Learning,48,5-2-1-4-6-7-3-0-,847.864
22c.sql,Reinforcement Learning,81,4-9-10-8-7-2-3-5-6-0-1-,1354.56
22d.sql,Reinforcement Learning,86,4-9-10-7-5-2-6-0-8-1-3-,1382.3
2b.sql,Reinforcement Learning,13,1-3-4-2-0-,291.411
8d.sql,Reinforcement Learning,18,5-1-6-4-3-2-0-,789.24
32b.sql,Reinforcement Learning,15,5-3-2-0-4-1-,292.526
9c.sql,Reinforcement Learning,29,5-0-2-1-4-3-6-7-,935.273
12b.sql,Reinforcement Learning,31,2-5-7-6-3-4-0-1-,267.165
17b.sql,Reinforcement Learning,16,5-0-4-2-6-3-1-,647.048
1d.sql,Reinforcement Learning,9,1-3-4-2-0-,87.948
13a.sql,Reinforcement Learning,27,0-5-1-6-3-7-2-8-4-,784.875
25c.sql,Reinforcement Learning,24,3-6-0-8-7-4-5-2-1-,2149.87
6b.sql,Reinforcement Learning,12,4-2-1-0-3-,281.907
2a.sql,Reinforcement Learning,13,1-3-4-2-0-,256.371
13d.sql,Reinforcement Learning,32,2-7-5-1-0-6-3-8-4-,1263.98
14b.sql,Reinforcement Learning,32,2-6-7-4-5-0-1-3-,1179.78
30c.sql,Reinforcement Learning,99,6-9-3-11-0-1-8-5-7-10-4-2-,2146.52
24b.sql,Reinforcement Learning,99,5-8-11-7-2-1-9-0-10-6-3-4-,1220.31
29b.sql,Reinforcement Learning,99,9-12-16-11-7-5-14-15-10-0-6-8-4-13-1-2-3-,954.301
33a.sql,Reinforcement Learning,99,4-12-11-6-13-5-8-7-1-0-10-3-9-2-,323.118
23c.sql,Reinforcement Learning,99,4-8-9-10-6-0-7-2-3-1-5-,653.629
27c.sql,Reinforcement Learning,99,5-9-10-11-7-6-8-3-4-0-1-2-,1032.86
28a.sql,Reinforcement Learning,99,7-12-0-13-1-11-6-10-8-5-2-9-3-4-,1358.53
23b.sql,Reinforcement Learning,99,5-9-0-10-6-1-7-3-8-2-4-,515.473
33c.sql,Reinforcement Learning,99,6-11-12-13-10-3-5-8-9-2-1-4-7-0-,315.468
28c.sql,Reinforcement Learning,99,7-12-13-0-10-11-8-9-3-4-6-5-1-2-,1351.2
23a.sql,Reinforcement Learning,99,4-8-7-9-0-1-2-5-3-10-6-,642.111
29c.sql,Reinforcement Learning,99,9-12-5-16-1-3-4-10-6-0-13-14-8-2-15-11-7-,1427.54
33b.sql,Reinforcement Learning,99,4-12-11-13-6-5-10-8-3-1-9-2-7-0-,291.425
28b.sql,Reinforcement Learning,99,7-12-13-0-8-1-2-10-11-6-5-9-3-4-,745.161
27b.sql,Reinforcement Learning,99,5-9-8-11-10-0-7-1-3-4-2-6-,640.021
29a.sql,Reinforcement Learning,99,9-12-16-11-7-5-14-13-10-15-6-8-0-4-1-2-3-,1112.74
30c.sql,Reinforcement Learning,69,6-9-3-11-0-10-8-1-5-2-7-4-,2159.32
6f.sql,Reinforcement Learning,10,1-2-0-4-3-,1321.58
22b.sql,Reinforcement Learning,37,4-9-10-8-5-6-0-3-1-7-2-,889.093
6d.sql,Reinforcement Learning,19,3-0-2-1-4-,409.485
17d.sql,Reinforcement Learning,16,5-0-4-2-6-3-1-,539.008
13b.sql,Reinforcement Learning,58,4-8-5-0-6-1-3-7-2-,224.279
17e.sql,Reinforcement Learning,18,2-4-0-3-1-6-5-,1919.37
5a.sql,Reinforcement Learning,11,0-2-3-4-1-,119.602
15d.sql,Reinforcement Learning,45,6-3-7-8-0-5-2-1-4-,458.164
16a.sql,Reinforcement Learning,28,7-5-3-4-2-1-0-6-,514.019
11c.sql,Reinforcement Learning,33,2-5-6-7-3-4-0-1-,278.565
10a.sql,Reinforcement Learning,22,2-4-3-1-5-0-6-,834.234
11a.sql,Reinforcement Learning,25,3-6-4-0-1-5-2-7-,144.503
5c.sql,Reinforcement Learning,12,0-2-3-1-4-,1254.8
8a.sql,Reinforcement Learning,19,4-0-1-5-3-2-6-,562.379
12a.sql,Reinforcement Learning,26,3-6-4-1-0-5-2-7-,546.497
14c.sql,Reinforcement Learning,20,2-6-7-5-1-3-4-0-,1241.28
19a.sql,Reinforcement Learning,90,7-2-5-9-6-4-3-1-8-0-,1190.03
16c.sql,Reinforcement Learning,16,3-5-7-4-2-1-6-0-,775.985
4b.sql,Reinforcement Learning,10,0-2-4-3-1-,78.283
3a.sql,Reinforcement Learning,8,0-2-3-1-,907.41
1b.sql,Reinforcement Learning,9,1-3-4-2-0-,88.605
18a.sql,Reinforcement Learning,15,1-3-0-5-6-4-2-,896.042
15b.sql,Reinforcement Learning,41,1-5-7-2-8-6-3-0-4-,449.868
23c.sql,Reinforcement Learning,78,4-8-9-10-6-5-7-3-0-1-2-,637.127
26b.sql,Reinforcement Learning,58,6-9-8-11-0-5-7-1-2-4-3-10-,643.436
19c.sql,Reinforcement Learning,77,7-2-9-6-8-5-3-4-0-1-,1247.55
17f.sql,Reinforcement Learning,18,2-4-0-5-3-6-1-,1009.33
27c.sql,Reinforcement Learning,95,5-9-10-11-6-0-8-2-1-7-3-4-,1032.74
6c.sql,Reinforcement Learning,10,1-2-0-4-3-,249.495
32a.sql,Reinforcement Learning,17,5-3-2-0-1-4-,258.369
11d.sql,Reinforcement Learning,18,2-5-6-7-3-4-1-0-,286.053
19d.sql,Reinforcement Learning,53,7-2-9-6-4-5-3-1-0-8-,2293.82
4c.sql,Reinforcement Learning,15,1-3-2-4-0-,178.204
26a.sql,Reinforcement Learning,90,6-9-0-1-4-3-8-5-11-10-7-2-,992.076
10c.sql,Reinforcement Learning,29,0-1-5-4-2-3-6-,927.729
5b.sql,Reinforcement Learning,17,0-2-3-1-4-,98.549
9b.sql,Reinforcement Learning,24,5-0-2-6-1-7-4-3-,695.899
10b.sql,Reinforcement Learning,23,2-4-3-1-0-6-5-,805.303
6a.sql,Reinforcement Learning,10,1-2-0-4-3-,284.781
30a.sql,Reinforcement Learning,72,6-9-3-11-0-10-2-1-8-7-4-5-,1447.65
31a.sql,Reinforcement Learning,46,1-5-10-8-4-0-7-3-6-9-2-,1483.62
8b.sql,Reinforcement Learning,23,4-0-1-3-2-5-6-,471.186
2d.sql,Reinforcement Learning,9,1-3-4-2-0-,259.848
15c.sql,Reinforcement Learning,81,6-7-8-4-0-5-3-2-1-,601.834
2c.sql,Reinforcement Learning,15,0-2-3-4-1-,190.974
21a.sql,Reinforcement Learning,43,2-6-7-8-5-3-4-0-1-,970.725
17a.sql,Reinforcement Learning,17,2-4-0-5-3-1-6-,878.478
13c.sql,Reinforcement Learning,43,4-8-5-6-3-1-0-7-2-,178.175
31b.sql,Reinforcement Learning,38,4-8-10-7-3-0-9-6-5-1-2-,1440.66
20c.sql,Reinforcement Learning,35,5-7-0-1-4-3-9-6-8-2-,975.869
7b.sql,Reinforcement Learning,40,6-2-1-0-7-5-4-3-,285.055
21c.sql,Reinforcement Learning,54,2-6-7-8-4-0-1-3-5-,1036.1
7c.sql,Reinforcement Learning,48,5-1-4-6-7-0-3-2-,1048.51
25b.sql,Reinforcement Learning,28,3-6-8-0-4-5-7-2-1-,1172.14
9d.sql,Reinforcement Learning,30,5-2-7-4-1-3-6-0-,1126.59
14a.sql,Reinforcement Learning,21,2-6-7-5-1-3-4-0-,1202.61
25a.sql,Reinforcement Learning,49,3-6-0-7-8-4-1-5-2-,1290.06
12c.sql,Reinforcement Learning,32,6-3-5-2-7-4-0-1-,807.109
16d.sql,Reinforcement Learning,16,3-5-7-4-2-1-6-0-,727.454
20a.sql,Reinforcement Learning,33,3-4-9-7-5-8-6-0-1-2-,738.482
6e.sql,Reinforcement Learning,10,1-2-0-4-3-,333.578
3c.sql,Reinforcement Learning,9,0-2-1-3-,1202.3
8c.sql,Reinforcement Learning,18,5-1-6-4-3-2-0-,3290.8
11b.sql,Reinforcement Learning,50,3-6-4-1-0-5-2-7-,87.357
21b.sql,Reinforcement Learning,24,2-6-7-8-5-3-4-1-0-,552.167
1a.sql,Reinforcement Learning,9,1-3-4-2-0-,131.865
22a.sql,Reinforcement Learning,46,4-9-10-8-3-7-2-6-5-1-0-,924.814
26c.sql,Reinforcement Learning,86,6-9-0-4-3-11-2-7-10-1-8-5-,1018.29
27a.sql,Reinforcement Learning,83,5-9-11-0-2-8-10-6-1-7-3-4-,703.674
17c.sql,Reinforcement Learning,16,5-0-4-2-6-3-1-,481.636
30b.sql,Reinforcement Learning,68,6-9-11-8-5-0-1-3-10-7-4-2-,1385.39
3b.sql,Reinforcement Learning,8,0-2-3-1-,508.095
18b.sql,Reinforcement Learning,20,5-0-6-3-1-4-2-,1280.04
1c.sql,Reinforcement Learning,9,1-3-4-2-0-,88.518
31c.sql,Reinforcement Learning,44,1-5-8-4-10-0-7-3-9-6-2-,2215.88
7a.sql,Reinforcement Learning,24,2-6-5-0-1-7-4-3-,357.188
4a.sql,Reinforcement Learning,9,1-3-4-2-0-,131.445
16b.sql,Reinforcement Learning,24,3-5-1-6-4-2-0-7-,2619.58
18c.sql,Reinforcement Learning,18,5-0-3-1-6-4-2-,2083.34
20b.sql,Reinforcement Learning,41,8-4-7-9-6-3-5-0-1-2-,562.121
9a.sql,Reinforcement Learning,35,5-0-2-1-4-6-7-3-,846.693
22c.sql,Reinforcement Learning,52,4-9-10-7-2-5-8-3-6-0-1-,1361.78
22d.sql,Reinforcement Learning,56,4-9-10-7-5-8-3-6-0-1-2-,1369.8
2b.sql,Reinforcement Learning,13,1-3-4-2-0-,292.259
8d.sql,Reinforcement Learning,18,5-1-6-4-3-2-0-,790.356
32b.sql,Reinforcement Learning,22,5-3-2-0-1-4-,261.036
9c.sql,Reinforcement Learning,40,5-0-2-1-6-4-7-3-,926.228
12b.sql,Reinforcement Learning,32,2-5-7-6-3-4-1-0-,267.401
17b.sql,Reinforcement Learning,16,5-0-4-2-6-3-1-,644.953
1d.sql,Reinforcement Learning,9,1-3-4-2-0-,88.604
27b.sql,Reinforcement Learning,97,5-9-8-11-7-3-4-0-1-2-10-6-,641.155
13a.sql,Reinforcement Learning,28,0-5-1-6-3-7-8-2-4-,789.175
25c.sql,Reinforcement Learning,33,3-6-0-8-7-4-1-5-2-,2166.62
6b.sql,Reinforcement Learning,17,4-2-1-0-3-,287.201
2a.sql,Reinforcement Learning,11,1-3-4-2-0-,258.125
13d.sql,Reinforcement Learning,32,2-7-5-1-0-6-3-8-4-,1261
14b.sql,Reinforcement Learning,23,2-6-7-3-4-5-0-1-,1172.32
24b.sql,Reinforcement Learning,99,5-8-11-7-6-3-2-1-10-9-0-4-,1209.89
29b.sql,Reinforcement Learning,99,9-12-16-11-7-10-6-5-14-4-15-1-8-2-3-0-13-,951.732
33a.sql,Reinforcement Learning,99,4-12-11-6-13-9-10-2-3-5-8-1-7-0-,322.311
28a.sql,Reinforcement Learning,99,7-12-0-13-1-11-10-6-8-5-2-9-3-4-,1358.86
23b.sql,Reinforcement Learning,99,5-9-0-1-10-6-8-4-7-3-2-,527.481
15a.sql,Reinforcement Learning,99,6-7-8-5-3-2-1-0-4-,542.201
33c.sql,Reinforcement Learning,99,6-11-12-13-10-3-9-5-2-7-0-4-8-1-,314.793
28c.sql,Reinforcement Learning,99,7-12-13-0-11-1-2-8-6-10-5-9-3-4-,1331.28
19b.sql,Reinforcement Learning,99,7-2-1-6-9-4-5-3-8-0-,1030.75
24a.sql,Reinforcement Learning,99,5-8-2-9-1-7-0-10-11-4-6-3-,1283.42
23a.sql,Reinforcement Learning,99,4-8-7-3-9-2-0-5-1-10-6-,623.49
29c.sql,Reinforcement Learning,99,9-12-5-16-1-13-14-3-4-2-8-0-15-11-7-10-6-,1418.9
33b.sql,Reinforcement Learning,99,4-12-11-13-6-8-10-7-0-3-1-5-9-2-,295.456
28b.sql,Reinforcement Learning,99,7-12-13-0-11-10-6-5-1-2-8-9-3-4-,747.684
29a.sql,Reinforcement Learning,99,9-12-16-11-7-10-5-4-14-0-13-6-15-8-1-2-3-,1115.39
30c.sql,Reinforcement Learning,64,6-9-3-11-0-10-8-2-1-5-7-4-,2125.87
6f.sql,Reinforcement Learning,10,1-2-0-4-3-,1316.44
6d.sql,Reinforcement Learning,18,3-0-2-1-4-,423.241
17d.sql,Reinforcement Learning,16,5-0-4-2-6-3-1-,537.937
13b.sql,Reinforcement Learning,27,4-8-5-0-1-6-3-7-2-,222.738
17e.sql,Reinforcement Learning,18,2-4-0-3-1-6-5-,1930.14
5a.sql,Reinforcement Learning,11,0-2-3-4-1-,118.701
15d.sql,Reinforcement Learning,33,3-6-7-4-8-0-5-2-1-,451.074
16a.sql,Reinforcement Learning,25,7-5-3-1-0-6-4-2-,512.183
11c.sql,Reinforcement Learning,51,2-5-6-7-4-3-1-0-,279.245
10a.sql,Reinforcement Learning,37,2-4-1-5-0-3-6-,853.31
11a.sql,Reinforcement Learning,27,3-6-4-0-7-1-5-2-,140.342
5c.sql,Reinforcement Learning,11,0-2-3-1-4-,1240.29
8a.sql,Reinforcement Learning,50,4-1-3-2-0-6-5-,590.833
12a.sql,Reinforcement Learning,28,3-6-4-1-0-5-2-7-,546.489
14c.sql,Reinforcement Learning,32,2-6-4-7-3-0-5-1-,1260.22
16c.sql,Reinforcement Learning,16,3-5-7-4-2-1-6-0-,785.418
4b.sql,Reinforcement Learning,11,0-2-4-3-1-,78.694
3a.sql,Reinforcement Learning,8,0-2-3-1-,909.901
1b.sql,Reinforcement Learning,9,1-3-4-2-0-,90.682
18a.sql,Reinforcement Learning,15,1-3-0-5-6-4-2-,892.781
15b.sql,Reinforcement Learning,83,1-5-7-8-0-4-2-6-3-,456.109
26b.sql,Reinforcement Learning,52,6-9-8-0-5-1-4-10-3-2-11-7-,632.226
19c.sql,Reinforcement Learning,71,7-2-9-1-6-5-4-0-3-8-,1231.99
17f.sql,Reinforcement Learning,16,2-4-0-5-3-6-1-,1011.35
27c.sql,Reinforcement Learning,43,5-9-11-10-6-8-7-3-4-0-1-2-,1040.14
6c.sql,Reinforcement Learning,11,1-2-0-3-4-,250.142
32a.sql,Reinforcement Learning,18,5-3-2-0-1-4-,260.242
11d.sql,Reinforcement Learning,24,2-5-6-7-3-4-1-0-,295.848
19d.sql,Reinforcement Learning,53,7-2-9-6-4-5-3-8-1-0-,2311.85
4c.sql,Reinforcement Learning,11,1-3-2-0-4-,178.518
26a.sql,Reinforcement Learning,56,6-9-0-1-4-3-8-5-10-2-11-7-,1000.55
10c.sql,Reinforcement Learning,37,0-1-4-3-5-2-6-,932.733
5b.sql,Reinforcement Learning,14,0-2-3-1-4-,96.829
9b.sql,Reinforcement Learning,77,5-0-2-6-1-7-4-3-,695.702
10b.sql,Reinforcement Learning,38,2-4-1-0-3-5-6-,805.355
6a.sql,Reinforcement Learning,16,1-2-0-3-4-,300.58
23b.sql,Reinforcement Learning,79,5-9-8-10-6-4-7-2-0-1-3-,528.057
31a.sql,Reinforcement Learning,47,1-5-8-4-10-0-7-6-2-3-9-,1463.18
8b.sql,Reinforcement Learning,88,4-0-1-5-3-6-2-,470.368
2d.sql,Reinforcement Learning,9,1-3-4-2-0-,278.493
15a.sql,Reinforcement Learning,95,2-5-7-6-0-4-8-3-1-,545.38
2c.sql,Reinforcement Learning,11,0-2-3-4-1-,190.188
21a.sql,Reinforcement Learning,38,2-6-7-8-5-4-0-1-3-,968.467
17a.sql,Reinforcement Learning,17,2-4-0-5-3-1-6-,873.641
13c.sql,Reinforcement Learning,51,4-8-5-6-3-0-1-7-2-,178.895
31b.sql,Reinforcement Learning,61,4-8-10-0-7-9-6-5-2-1-3-,1438.67
20c.sql,Reinforcement Learning,32,5-7-0-1-4-3-8-9-2-6-,954.012
7b.sql,Reinforcement Learning,46,6-2-1-7-5-4-3-0-,282.451
21c.sql,Reinforcement Learning,33,2-6-7-3-8-5-4-0-1-,1045.1
7c.sql,Reinforcement Learning,44,5-1-4-3-6-7-0-2-,1038.65
25b.sql,Reinforcement Learning,36,3-6-8-0-7-5-4-1-2-,1168.8
9d.sql,Reinforcement Learning,31,5-2-7-4-3-6-1-0-,1123.39
14a.sql,Reinforcement Learning,28,2-6-7-5-3-1-4-0-,1204.59
25a.sql,Reinforcement Learning,54,3-6-0-7-8-4-1-5-2-,1327.7
12c.sql,Reinforcement Learning,30,3-6-5-7-2-4-0-1-,820.331
16d.sql,Reinforcement Learning,16,3-5-7-4-2-1-6-0-,753.78
6e.sql,Reinforcement Learning,11,1-2-0-3-4-,333.709
3c.sql,Reinforcement Learning,9,0-2-1-3-,1196.82
8c.sql,Reinforcement Learning,18,5-1-6-4-3-2-0-,3283.01
11b.sql,Reinforcement Learning,47,3-6-4-0-1-5-2-7-,88.298
21b.sql,Reinforcement Learning,33,2-6-5-8-7-3-4-0-1-,555.574
19b.sql,Reinforcement Learning,62,7-0-2-1-6-4-5-9-8-3-,1033.02
1a.sql,Reinforcement Learning,9,1-3-4-2-0-,130.186
22a.sql,Reinforcement Learning,51,4-9-10-8-3-7-2-5-6-1-0-,908.9
27a.sql,Reinforcement Learning,82,5-9-11-10-8-6-7-3-4-0-2-1-,679.542
17c.sql,Reinforcement Learning,16,5-0-4-2-6-3-1-,502.497
30b.sql,Reinforcement Learning,47,6-9-11-8-5-3-10-7-4-0-1-2-,1385.75
3b.sql,Reinforcement Learning,8,0-2-3-1-,514.391
18b.sql,Reinforcement Learning,16,2-4-6-3-0-5-1-,1258.01
1c.sql,Reinforcement Learning,9,1-3-4-2-0-,88.748
31c.sql,Reinforcement Learning,46,1-5-8-4-10-0-9-7-3-6-2-,2230.23
28b.sql,Reinforcement Learning,76,7-12-13-0-1-2-8-10-11-5-6-9-3-4-,744.114
7a.sql,Reinforcement Learning,38,2-6-5-0-1-4-3-7-,353.635
4a.sql,Reinforcement Learning,12,1-3-4-2-0-,131.672
16b.sql,Reinforcement Learning,24,3-5-1-6-4-2-0-7-,2624.35
18c.sql,Reinforcement Learning,20,5-0-3-1-6-4-2-,2074.71
22c.sql,Reinforcement Learning,46,4-9-10-7-5-2-6-1-0-8-3-,1378.24
22d.sql,Reinforcement Learning,52,4-9-10-7-2-5-6-1-0-8-3-,1378.13
2b.sql,Reinforcement Learning,11,1-3-4-2-0-,293.252
8d.sql,Reinforcement Learning,18,5-1-6-4-3-2-0-,786.122
32b.sql,Reinforcement Learning,18,5-3-2-0-4-1-,261.554
12b.sql,Reinforcement Learning,17,2-5-7-6-3-4-0-1-,265.35
17b.sql,Reinforcement Learning,16,5-0-4-2-6-3-1-,647.701
1d.sql,Reinforcement Learning,9,1-3-4-2-0-,88.969
13a.sql,Reinforcement Learning,28,0-5-1-6-3-7-2-8-4-,780.8
25c.sql,Reinforcement Learning,23,3-6-0-8-7-4-1-5-2-,2146.72
6b.sql,Reinforcement Learning,11,4-2-1-0-3-,286.868
2a.sql,Reinforcement Learning,14,1-3-4-2-0-,256.412
13d.sql,Reinforcement Learning,32,2-7-5-1-0-6-3-8-4-,1264.82
14b.sql,Reinforcement Learning,33,2-6-7-3-5-1-4-0-,1174.21
22b.sql,Reinforcement Learning,99,4-9-10-6-7-8-3-2-0-5-1-,890.747
24b.sql,Reinforcement Learning,99,5-8-11-7-2-0-10-4-1-9-6-3-,1230.85
29b.sql,Reinforcement Learning,99,9-12-16-11-7-5-14-4-10-15-13-6-8-0-1-2-3-,962.297
19a.sql,Reinforcement Learning,99,7-2-9-5-3-1-6-8-0-4-,1184.94
33a.sql,Reinforcement Learning,99,4-12-11-6-13-9-8-2-1-5-10-3-7-0-,311.95
23c.sql,Reinforcement Learning,99,8-9-10-5-4-0-7-3-2-1-6-,606.593
28a.sql,Reinforcement Learning,99,7-12-0-13-1-11-6-10-2-5-8-9-3-4-,1352.36
30a.sql,Reinforcement Learning,99,6-9-3-11-10-0-1-7-4-2-8-5-,1452.62
15c.sql,Reinforcement Learning,99,6-7-4-8-5-2-1-0-3-,623.466
33c.sql,Reinforcement Learning,99,6-11-12-13-10-5-9-7-0-2-3-4-8-1-,323.147
28c.sql,Reinforcement Learning,99,7-12-13-0-10-11-6-2-5-1-8-9-3-4-,1343.49
20a.sql,Reinforcement Learning,99,3-4-9-7-0-8-6-1-2-5-,737.968
24a.sql,Reinforcement Learning,99,5-8-2-9-1-11-10-7-4-6-0-3-,1259.41
23a.sql,Reinforcement Learning,99,8-9-5-10-6-7-0-1-2-3-4-,610.868
29c.sql,Reinforcement Learning,99,9-12-5-16-1-3-4-15-13-2-0-14-8-11-7-10-6-,1415.97
26c.sql,Reinforcement Learning,99,6-9-0-4-3-11-8-1-10-5-2-7-,1009.34
33b.sql,Reinforcement Learning,99,4-12-11-6-13-8-10-3-7-0-1-5-9-2-,293.906
20b.sql,Reinforcement Learning,99,3-4-7-9-5-0-6-1-2-8-,557.908
9a.sql,Reinforcement Learning,99,5-0-2-1-4-3-6-7-,878.898
9c.sql,Reinforcement Learning,99,5-2-1-4-6-7-0-3-,929.223
27b.sql,Reinforcement Learning,99,5-9-8-11-7-10-3-6-4-0-2-1-,630.532
29a.sql,Reinforcement Learning,99,9-12-16-11-5-14-4-10-15-6-8-0-13-7-1-2-3-,1119.81
30c.sql,Reinforcement Learning,50,6-9-3-11-10-0-8-5-2-1-7-4-,2135.61
6f.sql,Reinforcement Learning,10,1-2-0-4-3-,1317.05
22b.sql,Reinforcement Learning,70,4-9-10-6-5-0-1-7-2-8-3-,896.765
24b.sql,Reinforcement Learning,97,5-8-11-2-1-0-9-7-10-6-3-4-,1227.11
6d.sql,Reinforcement Learning,11,3-0-2-1-4-,404.802
17d.sql,Reinforcement Learning,16,5-0-4-2-6-3-1-,539.438
13b.sql,Reinforcement Learning,52,4-8-5-0-6-1-3-7-2-,236.129
17e.sql,Reinforcement Learning,19,2-4-0-3-1-5-6-,1903.28
5a.sql,Reinforcement Learning,14,0-2-3-1-4-,119.099
15d.sql,Reinforcement Learning,28,3-6-7-8-4-0-5-2-1-,440.579
16a.sql,Reinforcement Learning,35,7-5-3-1-4-0-2-6-,501.086
11c.sql,Reinforcement Learning,29,2-5-6-7-3-4-1-0-,270.13
10a.sql,Reinforcement Learning,33,2-4-1-0-3-5-6-,813.516
11a.sql,Reinforcement Learning,31,3-6-4-0-1-7-5-2-,139.602
5c.sql,Reinforcement Learning,12,0-2-3-1-4-,1240.82
8a.sql,Reinforcement Learning,41,4-1-0-3-2-5-6-,571.812
12a.sql,Reinforcement Learning,34,3-6-4-1-5-0-7-2-,550.437
14c.sql,Reinforcement Learning,21,2-6-7-5-1-3-4-0-,1245
16c.sql,Reinforcement Learning,16,3-5-7-4-2-1-6-0-,781.471
4b.sql,Reinforcement Learning,10,0-2-4-3-1-,78.125
3a.sql,Reinforcement Learning,9,0-2-1-3-,899.906
1b.sql,Reinforcement Learning,9,1-3-4-2-0-,89.09
18a.sql,Reinforcement Learning,15,1-3-0-5-6-4-2-,921.099
15b.sql,Reinforcement Learning,35,3-6-7-8-4-0-5-2-1-,554.104
26b.sql,Reinforcement Learning,60,6-9-8-11-0-5-7-1-2-4-10-3-,639.279
19c.sql,Reinforcement Learning,45,7-0-2-9-6-4-1-8-5-3-,1245.52
17f.sql,Reinforcement Learning,16,2-4-0-5-3-6-1-,1005.73
27c.sql,Reinforcement Learning,79,5-9-10-11-6-8-7-3-0-2-1-4-,1033.44
6c.sql,Reinforcement Learning,10,1-2-0-4-3-,251.101
32a.sql,Reinforcement Learning,18,5-3-2-0-4-1-,258.044
11d.sql,Reinforcement Learning,23,2-5-6-7-4-3-1-0-,319.853
19d.sql,Reinforcement Learning,54,7-2-9-6-4-5-3-1-8-0-,2305.05
4c.sql,Reinforcement Learning,11,1-3-2-0-4-,174.833
26a.sql,Reinforcement Learning,77,6-9-0-1-4-3-8-11-10-2-5-7-,991.989
10c.sql,Reinforcement Learning,28,0-1-5-4-6-2-3-,934.919
5b.sql,Reinforcement Learning,10,0-2-4-3-1-,98.373
9b.sql,Reinforcement Learning,50,5-0-2-1-7-4-6-3-,694.92
10b.sql,Reinforcement Learning,19,2-4-3-6-1-5-0-,805.28
6a.sql,Reinforcement Learning,15,1-2-0-4-3-,285.116
30a.sql,Reinforcement Learning,69,6-9-3-11-0-10-8-5-1-2-7-4-,1452.54
23b.sql,Reinforcement Learning,97,5-9-8-10-7-6-2-3-4-0-1-,515.875
31a.sql,Reinforcement Learning,38,1-5-10-8-4-0-9-7-6-2-3-,1480.92
8b.sql,Reinforcement Learning,28,2-3-6-1-0-4-5-,470.506
2d.sql,Reinforcement Learning,9,1-3-4-2-0-,259.445
15a.sql,Reinforcement Learning,47,6-7-8-4-3-5-0-2-1-,542.665
15c.sql,Reinforcement Learning,86,6-0-7-5-2-1-4-3-8-,618.983
2c.sql,Reinforcement Learning,14,0-2-3-1-4-,191.854
21a.sql,Reinforcement Learning,27,2-6-7-8-3-5-4-1-0-,966.569
17a.sql,Reinforcement Learning,17,2-4-0-5-3-1-6-,887.309
13c.sql,Reinforcement Learning,54,8-5-6-4-3-1-0-7-2-,181.639
31b.sql,Reinforcement Learning,48,4-8-10-6-0-2-9-7-5-3-1-,1447.92
20c.sql,Reinforcement Learning,42,5-7-0-1-4-3-8-9-2-6-,961.923
7b.sql,Reinforcement Learning,39,6-0-1-7-2-4-3-5-,285.117
21c.sql,Reinforcement Learning,35,2-6-7-8-3-5-4-0-1-,1042.53
7c.sql,Reinforcement Learning,40,5-1-4-3-0-6-7-2-,1052.32
25b.sql,Reinforcement Learning,27,3-6-8-0-5-4-1-7-2-,1172
9d.sql,Reinforcement Learning,30,5-2-7-4-3-1-6-0-,1122.06
14a.sql,Reinforcement Learning,19,2-6-7-5-1-4-3-0-,1202.97
25a.sql,Reinforcement Learning,32,3-6-0-7-8-4-5-2-1-,1280.21
12c.sql,Reinforcement Learning,35,6-5-3-7-2-4-0-1-,803.789
16d.sql,Reinforcement Learning,16,3-5-7-4-2-1-6-0-,751.154
20a.sql,Reinforcement Learning,54,3-4-9-7-6-0-5-1-2-8-,740.848
6e.sql,Reinforcement Learning,21,1-2-0-4-3-,335.751
3c.sql,Reinforcement Learning,9,0-2-1-3-,1197.62
8c.sql,Reinforcement Learning,18,5-1-6-4-3-2-0-,3291.84
11b.sql,Reinforcement Learning,35,3-6-4-0-1-5-2-7-,89.875
21b.sql,Reinforcement Learning,31,2-6-8-7-3-5-4-0-1-,559.92
19b.sql,Reinforcement Learning,68,7-2-1-6-4-9-8-0-5-3-,1034.82
24a.sql,Reinforcement Learning,96,5-8-2-9-1-0-10-11-7-6-3-4-,1281.21
1a.sql,Reinforcement Learning,9,1-3-4-2-0-,130.029
23a.sql,Reinforcement Learning,56,6-10-8-9-5-7-4-3-2-0-1-,551.86
22a.sql,Reinforcement Learning,35,4-9-10-8-3-5-7-2-6-1-0-,904.592
26c.sql,Reinforcement Learning,98,6-9-0-4-3-11-1-7-10-2-8-5-,995.528
27a.sql,Reinforcement Learning,64,5-9-10-11-6-8-0-2-1-7-3-4-,667.749
17c.sql,Reinforcement Learning,16,5-0-4-2-6-3-1-,478.518
30b.sql,Reinforcement Learning,69,6-9-11-0-1-8-3-10-5-2-7-4-,1400.13
3b.sql,Reinforcement Learning,8,0-2-3-1-,506.167
18b.sql,Reinforcement Learning,17,2-4-6-3-0-5-1-,1256.7
1c.sql,Reinforcement Learning,9,1-3-4-2-0-,88.24
31c.sql,Reinforcement Learning,48,1-5-8-4-10-0-9-7-6-2-3-,2215.91
7a.sql,Reinforcement Learning,38,2-6-5-1-7-4-0-3-,350.06
4a.sql,Reinforcement Learning,13,1-3-2-0-4-,130.191
16b.sql,Reinforcement Learning,24,3-5-1-6-4-2-0-7-,2610.54
18c.sql,Reinforcement Learning,23,5-0-3-6-1-4-2-,2082.47
20b.sql,Reinforcement Learning,68,8-4-7-9-3-5-6-0-1-2-,555.573
9a.sql,Reinforcement Learning,29,5-0-2-1-7-4-3-6-,853.992
22c.sql,Reinforcement Learning,74,4-9-10-7-8-3-2-5-6-1-0-,1359.17
22d.sql,Reinforcement Learning,67,4-9-10-7-5-8-3-2-6-0-1-,1367.72
2b.sql,Reinforcement Learning,13,1-3-4-2-0-,291.934
8d.sql,Reinforcement Learning,19,5-1-6-4-3-2-0-,788.779
32b.sql,Reinforcement Learning,15,5-3-2-0-4-1-,261.615
9c.sql,Reinforcement Learning,53,5-2-7-6-4-1-0-3-,936.655
12b.sql,Reinforcement Learning,20,2-5-7-6-3-4-0-1-,265.42
17b.sql,Reinforcement Learning,16,5-0-4-2-6-3-1-,643.133
1d.sql,Reinforcement Learning,9,1-3-4-2-0-,88.641
13a.sql,Reinforcement Learning,28,0-5-1-6-3-7-2-8-4-,783.171
25c.sql,Reinforcement Learning,42,3-6-0-8-4-1-7-5-2-,2155.07
6b.sql,Reinforcement Learning,11,4-2-1-0-3-,284.236
2a.sql,Reinforcement Learning,13,1-3-2-0-4-,239.259
13d.sql,Reinforcement Learning,32,2-7-5-1-0-6-3-8-4-,1269.12
14b.sql,Reinforcement Learning,37,2-6-7-5-4-1-0-3-,1173.37
29b.sql,Reinforcement Learning,99,9-12-16-11-5-14-4-15-8-0-13-7-10-6-1-2-3-,955.567
19a.sql,Reinforcement Learning,99,7-2-9-1-6-4-5-3-8-0-,1195.21
33a.sql,Reinforcement Learning,99,4-12-11-6-8-9-2-1-10-3-13-5-7-0-,327.815
23c.sql,Reinforcement Learning,99,4-8-9-10-5-7-0-1-2-6-3-,633.389
28a.sql,Reinforcement Learning,99,7-12-0-13-1-2-10-11-9-5-3-4-6-8-,1366.71
33c.sql,Reinforcement Learning,99,6-11-12-13-10-3-5-4-9-8-7-0-1-2-,317.072
28c.sql,Reinforcement Learning,99,7-12-13-0-11-6-10-1-2-5-8-9-3-4-,1337
29c.sql,Reinforcement Learning,99,9-12-5-16-1-3-13-15-2-0-4-14-8-11-7-10-6-,1385.13
33b.sql,Reinforcement Learning,99,4-12-11-13-6-5-9-2-10-8-1-3-7-0-,292.783
28b.sql,Reinforcement Learning,99,7-12-13-0-8-10-2-5-1-11-6-9-3-4-,749.374
27b.sql,Reinforcement Learning,99,5-9-11-8-7-4-3-0-1-2-10-6-,625.055
29a.sql,Reinforcement Learning,99,9-12-16-10-11-5-14-4-6-0-15-8-13-7-1-2-3-,1129.76
29b.sql,Reinforcement Learning,99,9-12-16-11-5-14-13-7-0-8-4-15-10-6-1-2-3-,950.075
33a.sql,Reinforcement Learning,99,4-12-11-6-9-13-5-2-10-3-8-1-7-0-,316.42
23c.sql,Reinforcement Learning,99,4-8-9-10-7-3-5-6-0-2-1-,609.892
19c.sql,Reinforcement Learning,99,7-2-9-6-1-4-5-3-8-0-,1236.94
28a.sql,Reinforcement Learning,99,7-12-0-13-1-10-11-5-2-6-8-9-3-4-,1355.6
23b.sql,Reinforcement Learning,99,5-9-8-10-7-3-6-4-2-0-1-,517.716
33c.sql,Reinforcement Learning,99,6-11-12-13-10-3-9-2-7-5-0-4-8-1-,317.986
28c.sql,Reinforcement Learning,99,7-12-13-0-10-11-2-8-6-5-1-9-3-4-,1345.83
19b.sql,Reinforcement Learning,99,7-2-0-6-1-8-9-4-5-3-,1033.34
29c.sql,Reinforcement Learning,99,9-12-5-16-1-13-0-14-8-3-4-2-15-11-7-10-6-,1419.91
27a.sql,Reinforcement Learning,99,5-9-8-11-10-7-6-0-3-1-2-4-,680.593
33b.sql,Reinforcement Learning,99,4-12-11-13-6-8-9-5-2-1-10-3-7-0-,289.439
28b.sql,Reinforcement Learning,99,7-12-13-0-10-5-1-9-2-3-4-8-11-6-,743.567
9a.sql,Reinforcement Learning,99,5-2-4-6-3-0-1-7-,872.235
27b.sql,Reinforcement Learning,99,5-9-8-0-11-2-7-4-10-6-3-1-,628.359
29a.sql,Reinforcement Learning,99,9-12-16-11-5-14-7-8-0-4-13-15-10-6-1-2-3-,1116.79
30c.sql,Reinforcement Learning,57,6-9-3-11-10-0-8-5-1-7-2-4-,2137.56
6f.sql,Reinforcement Learning,10,1-2-0-4-3-,1313.42
22b.sql,Reinforcement Learning,85,4-9-10-8-3-7-2-5-6-0-1-,893.661
24b.sql,Reinforcement Learning,92,5-8-11-2-1-7-10-4-0-6-3-9-,1220.06
6d.sql,Reinforcement Learning,21,3-0-2-1-4-,417.521
17d.sql,Reinforcement Learning,16,5-0-4-2-6-3-1-,540.4
13b.sql,Reinforcement Learning,46,4-8-5-1-0-6-3-7-2-,232.43
17e.sql,Reinforcement Learning,18,2-4-0-3-1-6-5-,1914.63
5a.sql,Reinforcement Learning,10,0-2-4-3-1-,122.429
15d.sql,Reinforcement Learning,33,3-6-7-8-0-4-5-2-1-,451.154
16a.sql,Reinforcement Learning,31,7-5-3-1-0-4-2-6-,513.648
11c.sql,Reinforcement Learning,28,2-5-6-7-3-4-1-0-,280.214
10a.sql,Reinforcement Learning,34,2-4-1-0-3-5-6-,837.777
11a.sql,Reinforcement Learning,31,3-6-4-0-7-1-5-2-,139.543
5c.sql,Reinforcement Learning,12,0-2-3-1-4-,1248.7
8a.sql,Reinforcement Learning,26,5-1-4-3-0-6-2-,561.248
12a.sql,Reinforcement Learning,28,3-6-4-1-0-5-2-7-,546.96
14c.sql,Reinforcement Learning,21,2-6-7-5-1-3-4-0-,1237.88
19a.sql,Reinforcement Learning,81,7-2-1-5-3-9-6-0-4-8-,1188.68
16c.sql,Reinforcement Learning,16,3-5-7-4-2-1-6-0-,790.069
4b.sql,Reinforcement Learning,11,0-2-4-3-1-,78.415
3a.sql,Reinforcement Learning,8,0-2-3-1-,902.371
1b.sql,Reinforcement Learning,9,1-3-4-2-0-,88.782
18a.sql,Reinforcement Learning,15,1-3-0-5-6-4-2-,896.203
15b.sql,Reinforcement Learning,53,1-5-7-8-4-0-2-6-3-,451.496
26b.sql,Reinforcement Learning,48,6-9-8-0-5-1-4-10-3-2-11-7-,630.602
17f.sql,Reinforcement Learning,19,2-4-0-5-3-1-6-,1006.89
27c.sql,Reinforcement Learning,63,5-9-10-11-8-6-0-1-2-7-4-3-,1028.22
6c.sql,Reinforcement Learning,16,1-2-0-3-4-,252.972
32a.sql,Reinforcement Learning,18,5-3-2-0-1-4-,258.741
11d.sql,Reinforcement Learning,24,2-5-6-7-3-4-1-0-,293.021
19d.sql,Reinforcement Learning,53,7-2-9-6-4-5-3-1-8-0-,2281.24
4c.sql,Reinforcement Learning,11,1-3-2-0-4-,176.061
26a.sql,Reinforcement Learning,72,6-9-0-1-4-3-8-5-11-7-10-2-,995.384
10c.sql,Reinforcement Learning,27,0-1-5-4-6-2-3-,929.902
5b.sql,Reinforcement Learning,15,0-2-3-1-4-,98.521
9b.sql,Reinforcement Learning,22,5-0-2-1-7-6-4-3-,692.829
10b.sql,Reinforcement Learning,36,2-4-1-5-3-0-6-,803.811
6a.sql,Reinforcement Learning,13,1-2-0-3-4-,286.617
30a.sql,Reinforcement Learning,74,6-9-3-11-10-0-1-8-2-5-7-4-,1462.75
31a.sql,Reinforcement Learning,46,1-5-10-8-4-0-9-7-3-6-2-,1483.95
8b.sql,Reinforcement Learning,38,4-0-1-5-6-3-2-,473.14
2d.sql,Reinforcement Learning,9,1-3-4-2-0-,261.183
15a.sql,Reinforcement Learning,50,3-6-7-8-0-5-2-1-4-,541.978
15c.sql,Reinforcement Learning,93,6-7-8-5-2-1-0-4-3-,615.211
2c.sql,Reinforcement Learning,15,0-2-3-1-4-,189.455
21a.sql,Reinforcement Learning,25,2-6-7-8-3-5-4-0-1-,967.168
17a.sql,Reinforcement Learning,17,2-4-0-5-3-1-6-,877.728
13c.sql,Reinforcement Learning,78,8-5-1-6-0-3-7-4-2-,183.438
31b.sql,Reinforcement Learning,57,4-8-10-7-0-9-3-6-5-2-1-,1437.93
20c.sql,Reinforcement Learning,43,5-7-0-1-4-3-9-6-2-8-,970.121
7b.sql,Reinforcement Learning,76,6-1-2-7-4-5-0-3-,285.904
21c.sql,Reinforcement Learning,33,2-6-7-8-5-3-4-1-0-,1028
7c.sql,Reinforcement Learning,42,5-1-4-3-7-0-6-2-,1038.96
25b.sql,Reinforcement Learning,23,3-6-8-4-1-5-2-0-7-,1170.88
9d.sql,Reinforcement Learning,31,5-2-7-4-3-6-1-0-,1117.63
14a.sql,Reinforcement Learning,29,2-6-7-3-4-0-5-1-,1212.73
25a.sql,Reinforcement Learning,27,3-6-0-7-8-4-1-5-2-,1286.42
12c.sql,Reinforcement Learning,20,3-6-5-7-2-4-1-0-,800.082
16d.sql,Reinforcement Learning,16,3-5-7-4-2-1-6-0-,723.761
20a.sql,Reinforcement Learning,98,3-4-7-9-5-6-8-0-1-2-,726.209
6e.sql,Reinforcement Learning,16,1-2-0-3-4-,331.621
3c.sql,Reinforcement Learning,9,0-2-1-3-,1195
8c.sql,Reinforcement Learning,18,5-1-6-4-3-2-0-,3288.09
11b.sql,Reinforcement Learning,43,3-6-4-0-5-2-1-7-,88.272
21b.sql,Reinforcement Learning,56,2-6-5-8-7-3-4-0-1-,553.63
24a.sql,Reinforcement Learning,98,5-8-2-10-1-11-0-9-7-4-6-3-,1241.53
1a.sql,Reinforcement Learning,9,1-3-4-2-0-,133.096
23a.sql,Reinforcement Learning,96,4-8-0-9-7-5-3-2-1-10-6-,625.306
22a.sql,Reinforcement Learning,45,4-9-10-8-3-7-2-5-6-0-1-,918.814
26c.sql,Reinforcement Learning,97,6-9-0-4-3-11-7-1-10-2-8-5-,999.292
17c.sql,Reinforcement Learning,16,5-0-4-2-6-3-1-,478.439
30b.sql,Reinforcement Learning,71,6-9-11-8-7-5-4-3-10-0-2-1-,1390.32
3b.sql,Reinforcement Learning,8,0-2-3-1-,508.079
18b.sql,Reinforcement Learning,22,5-0-6-3-1-4-2-,1296.02
1c.sql,Reinforcement Learning,9,1-3-4-2-0-,87.672
31c.sql,Reinforcement Learning,42,1-5-10-8-4-0-6-2-9-7-3-,2247.82
7a.sql,Reinforcement Learning,44,2-6-5-1-4-3-7-0-,355.512
4a.sql,Reinforcement Learning,12,1-3-2-0-4-,131.107
16b.sql,Reinforcement Learning,24,3-5-1-6-4-2-0-7-,2605.68
18c.sql,Reinforcement Learning,27,5-0-3-1-4-2-6-,2082.89
20b.sql,Reinforcement Learning,73,8-4-7-9-5-0-1-3-6-2-,565.793
22c.sql,Reinforcement Learning,51,4-9-10-7-5-2-8-3-6-1-0-,1370.81
22d.sql,Reinforcement Learning,67,4-9-10-7-2-5-6-1-0-8-3-,1377.01
2b.sql,Reinforcement Learning,11,1-3-4-2-0-,293.261
8d.sql,Reinforcement Learning,19,5-1-6-4-3-2-0-,792.704
32b.sql,Reinforcement Learning,27,5-3-2-0-1-4-,263.594
9c.sql,Reinforcement Learning,33,5-0-2-1-6-4-3-7-,933.038
12b.sql,Reinforcement Learning,24,2-5-7-4-0-1-6-3-,268.053
17b.sql,Reinforcement Learning,17,5-0-4-2-3-6-1-,640.367
1d.sql,Reinforcement Learning,9,1-3-4-2-0-,88.354
13a.sql,Reinforcement Learning,28,0-5-1-6-3-7-2-8-4-,778.524
25c.sql,Reinforcement Learning,30,3-6-0-7-8-4-5-1-2-,2147.99
6b.sql,Reinforcement Learning,11,4-2-1-0-3-,283.556
2a.sql,Reinforcement Learning,13,1-3-4-2-0-,256.477
13d.sql,Reinforcement Learning,32,2-7-5-1-0-6-3-8-4-,1272.72
14b.sql,Reinforcement Learning,24,2-6-7-4-0-3-5-1-,1178.94
24b.sql,Reinforcement Learning,99,5-8-11-7-2-10-9-1-4-0-6-3-,1217.98
29b.sql,Reinforcement Learning,99,9-12-16-11-5-14-7-0-10-6-8-4-13-15-1-2-3-,956.646
33a.sql,Reinforcement Learning,99,4-12-11-6-13-9-10-2-3-5-8-1-7-0-,310.42
23c.sql,Reinforcement Learning,99,8-9-10-7-0-3-1-2-5-6-4-,611.758
28a.sql,Reinforcement Learning,99,7-12-0-13-1-11-6-2-9-3-4-8-10-5-,1384.22
9b.sql,Reinforcement Learning,99,5-2-1-4-0-3-6-7-,699.404
33c.sql,Reinforcement Learning,99,6-11-12-13-10-3-5-4-9-2-8-7-1-0-,317.935
28c.sql,Reinforcement Learning,99,7-12-13-0-11-6-10-8-5-1-2-9-3-4-,1333.89
19b.sql,Reinforcement Learning,99,7-2-1-6-9-0-4-5-3-8-,1040.51
23a.sql,Reinforcement Learning,99,4-8-9-10-0-6-1-5-7-2-3-,615.884
29c.sql,Reinforcement Learning,99,9-12-5-16-1-13-14-11-7-8-3-0-4-2-15-10-6-,1433.2
27a.sql,Reinforcement Learning,99,5-9-11-10-8-6-7-3-4-0-2-1-,683.681
33b.sql,Reinforcement Learning,99,4-12-11-13-5-10-6-8-1-3-9-2-7-0-,298.941
28b.sql,Reinforcement Learning,99,7-12-10-13-8-5-11-0-1-2-9-6-3-4-,748.79
24b.sql,Reinforcement Learning,99,5-8-11-7-2-4-1-9-0-10-6-3-,1221.14
29b.sql,Reinforcement Learning,99,9-12-16-11-5-14-10-0-8-6-4-13-15-7-1-2-3-,984.345
33a.sql,Reinforcement Learning,99,4-12-11-9-10-3-2-8-1-6-13-5-7-0-,330.357
23c.sql,Reinforcement Learning,99,6-10-8-9-7-0-2-3-1-5-4-,584.756
28a.sql,Reinforcement Learning,99,7-12-0-13-1-10-11-6-5-8-2-9-4-3-,1362.54
23b.sql,Reinforcement Learning,99,5-9-8-10-7-0-3-6-2-1-4-,518.246
33c.sql,Reinforcement Learning,99,6-11-12-13-10-3-5-4-7-9-2-0-8-1-,319.154
28c.sql,Reinforcement Learning,99,7-12-13-0-11-6-10-1-8-2-5-9-3-4-,1338.44
19b.sql,Reinforcement Learning,99,7-2-1-6-5-3-4-8-9-0-,1036.83
29c.sql,Reinforcement Learning,99,9-12-5-15-16-1-3-14-2-8-4-0-13-11-7-10-6-,1426.27
26c.sql,Reinforcement Learning,99,6-9-0-4-3-11-1-2-7-10-8-5-,1003.36
27a.sql,Reinforcement Learning,99,5-9-11-8-10-7-3-4-6-0-2-1-,685.78
33b.sql,Reinforcement Learning,99,4-12-11-13-6-10-5-3-8-1-9-2-7-0-,291.04
28b.sql,Reinforcement Learning,99,7-12-10-13-5-8-11-0-2-9-3-4-1-6-,745.909
27b.sql,Reinforcement Learning,99,5-9-11-8-7-4-3-10-6-0-1-2-,634.521
29a.sql,Reinforcement Learning,99,9-12-16-11-10-5-14-4-7-8-0-13-15-6-1-2-3-,1125.85
30c.sql,Reinforcement Learning,73,6-9-3-11-0-10-2-8-7-1-4-5-,2129.21
6f.sql,Reinforcement Learning,10,1-2-0-4-3-,1326.64
22b.sql,Reinforcement Learning,57,4-9-10-6-0-5-7-2-8-3-1-,888.844
6d.sql,Reinforcement Learning,10,3-0-2-4-1-,419.304
17d.sql,Reinforcement Learning,16,5-0-4-2-6-3-1-,540.982
13b.sql,Reinforcement Learning,52,4-8-5-1-6-3-0-7-2-,234.97
17e.sql,Reinforcement Learning,18,2-4-0-3-1-6-5-,1921.54
5a.sql,Reinforcement Learning,11,0-2-3-4-1-,120.002
15d.sql,Reinforcement Learning,34,3-6-7-8-0-4-5-1-2-,457.716
16a.sql,Reinforcement Learning,25,7-5-3-1-0-6-4-2-,513.815
11c.sql,Reinforcement Learning,28,2-5-6-7-3-4-0-1-,278.544
10a.sql,Reinforcement Learning,28,2-4-1-5-3-0-6-,831.682
11a.sql,Reinforcement Learning,24,3-6-4-0-1-7-5-2-,140.564
5c.sql,Reinforcement Learning,12,0-2-3-1-4-,1245.96
8a.sql,Reinforcement Learning,48,4-1-3-5-2-6-0-,560.935
12a.sql,Reinforcement Learning,32,3-6-4-1-5-2-0-7-,543.5
14c.sql,Reinforcement Learning,26,2-6-7-5-1-3-4-0-,1235.51
19a.sql,Reinforcement Learning,66,7-0-2-1-5-3-8-9-6-4-,1191.96
16c.sql,Reinforcement Learning,16,3-5-7-4-2-1-6-0-,781.95
4b.sql,Reinforcement Learning,11,0-2-4-3-1-,78.714
3a.sql,Reinforcement Learning,9,0-2-1-3-,904.504
1b.sql,Reinforcement Learning,9,1-3-4-2-0-,88.702
18a.sql,Reinforcement Learning,15,1-3-0-5-6-4-2-,890.213
15b.sql,Reinforcement Learning,52,1-5-7-8-4-0-2-6-3-,447.797
26b.sql,Reinforcement Learning,58,6-9-8-0-5-1-4-3-10-11-2-7-,624.701
19c.sql,Reinforcement Learning,80,7-2-9-6-4-1-5-3-8-0-,1234.47
17f.sql,Reinforcement Learning,17,2-4-0-5-3-1-6-,1008.21
27c.sql,Reinforcement Learning,66,5-9-10-11-8-6-0-1-2-7-3-4-,1048.58
6c.sql,Reinforcement Learning,11,1-2-0-3-4-,248.176
32a.sql,Reinforcement Learning,20,5-3-2-0-1-4-,259.716
11d.sql,Reinforcement Learning,24,2-5-6-7-3-4-0-1-,296.676
19d.sql,Reinforcement Learning,56,7-2-9-6-4-5-3-1-8-0-,2302.42
4c.sql,Reinforcement Learning,15,1-3-2-0-4-,176.939
26a.sql,Reinforcement Learning,76,6-9-0-1-4-3-8-10-5-2-11-7-,979.651
10c.sql,Reinforcement Learning,35,0-1-5-4-3-6-2-,928.844
5b.sql,Reinforcement Learning,9,0-2-4-3-1-,97.047
10b.sql,Reinforcement Learning,26,2-4-3-6-1-5-0-,805.359
6a.sql,Reinforcement Learning,10,1-2-0-4-3-,285.028
30a.sql,Reinforcement Learning,85,6-9-3-11-10-0-8-1-2-7-4-5-,1458.82
23b.sql,Reinforcement Learning,76,5-9-8-10-6-4-7-2-3-0-1-,528.029
31a.sql,Reinforcement Learning,43,1-5-8-4-10-0-9-7-3-6-2-,1474.32
8b.sql,Reinforcement Learning,43,6-3-2-1-4-5-0-,463.052
2d.sql,Reinforcement Learning,9,1-3-4-2-0-,277.849
15a.sql,Reinforcement Learning,82,3-6-7-8-5-1-0-2-4-,577.061
15c.sql,Reinforcement Learning,55,3-6-7-8-4-0-5-2-1-,619.888
2c.sql,Reinforcement Learning,11,0-2-3-4-1-,192.682
21a.sql,Reinforcement Learning,47,2-6-8-5-4-0-1-7-3-,970.436
17a.sql,Reinforcement Learning,17,2-4-0-5-3-1-6-,880.501
13c.sql,Reinforcement Learning,49,4-8-5-6-3-1-0-7-2-,178.011
31b.sql,Reinforcement Learning,65,4-8-10-6-7-0-3-2-9-5-1-,1448.81
20c.sql,Reinforcement Learning,36,5-7-0-1-4-3-9-8-2-6-,969.452
7b.sql,Reinforcement Learning,44,6-2-1-7-4-3-5-0-,284.692
21c.sql,Reinforcement Learning,29,2-6-7-8-3-5-4-0-1-,1037.38
7c.sql,Reinforcement Learning,39,5-1-4-3-7-0-6-2-,1044.82
25b.sql,Reinforcement Learning,31,3-6-8-0-7-5-4-1-2-,1164.42
9d.sql,Reinforcement Learning,30,5-2-7-4-3-1-6-0-,1123.04
14a.sql,Reinforcement Learning,31,2-6-7-5-1-3-4-0-,1200.14
25a.sql,Reinforcement Learning,35,3-6-0-7-8-4-5-2-1-,1289
12c.sql,Reinforcement Learning,45,6-5-3-7-4-0-1-2-,801.602
16d.sql,Reinforcement Learning,16,3-5-7-4-2-1-6-0-,810.642
20a.sql,Reinforcement Learning,56,3-4-9-7-0-1-6-2-8-5-,763.499
6e.sql,Reinforcement Learning,10,1-2-0-4-3-,349.849
3c.sql,Reinforcement Learning,9,0-2-1-3-,1227.9
8c.sql,Reinforcement Learning,18,5-1-6-4-3-2-0-,3445.52
11b.sql,Reinforcement Learning,37,3-6-4-0-5-2-1-7-,92.663
21b.sql,Reinforcement Learning,39,2-6-5-8-7-3-4-0-1-,558.092
24a.sql,Reinforcement Learning,84,5-8-2-9-1-11-0-10-7-4-6-3-,1267.59
1a.sql,Reinforcement Learning,9,1-3-4-2-0-,129.885
22a.sql,Reinforcement Learning,39,4-9-10-5-8-3-7-2-6-0-1-,919.206
26c.sql,Reinforcement Learning,73,6-9-0-4-3-11-7-10-1-2-8-5-,1010.84
17c.sql,Reinforcement Learning,16,5-0-4-2-6-3-1-,487.218
30b.sql,Reinforcement Learning,44,6-9-11-8-5-3-10-7-4-0-1-2-,1390.31
3b.sql,Reinforcement Learning,8,0-2-3-1-,508.028
18b.sql,Reinforcement Learning,19,2-4-6-3-0-1-5-,1256.24
1c.sql,Reinforcement Learning,9,1-3-4-2-0-,88.187
31c.sql,Reinforcement Learning,44,1-5-8-4-10-0-9-7-6-3-2-,2219.22
7a.sql,Reinforcement Learning,45,2-6-5-0-1-4-3-7-,354.642
4a.sql,Reinforcement Learning,28,1-3-2-0-4-,131.835
16b.sql,Reinforcement Learning,24,3-5-1-6-4-2-0-7-,2941.39
30c.sql,Reinforcement Learning,64,6-9-3-11-10-0-2-8-5-1-7-4-,2145.89
6f.sql,Reinforcement Learning,10,1-2-0-4-3-,1320.19
22b.sql,Reinforcement Learning,90,4-9-10-6-8-3-7-5-2-0-1-,897.145
6d.sql,Reinforcement Learning,16,3-0-2-1-4-,423.594
17d.sql,Reinforcement Learning,23,5-0-4-2-3-1-6-,562.601
13b.sql,Reinforcement Learning,25,4-8-5-0-1-6-3-7-2-,225.144
17e.sql,Reinforcement Learning,19,2-4-0-3-1-5-6-,1916.79
5a.sql,Reinforcement Learning,12,0-2-3-1-4-,118.588
15d.sql,Reinforcement Learning,35,3-6-7-8-0-5-2-1-4-,430.99
16a.sql,Reinforcement Learning,28,7-5-3-1-0-4-2-6-,493.654
11c.sql,Reinforcement Learning,32,2-5-6-7-3-4-0-1-,256.098
10a.sql,Reinforcement Learning,23,2-4-3-1-0-5-6-,813.53
11a.sql,Reinforcement Learning,34,3-6-4-0-1-5-2-7-,141.417
5c.sql,Reinforcement Learning,12,0-2-3-1-4-,1262.62
8a.sql,Reinforcement Learning,39,4-1-3-0-2-5-6-,558.345
12a.sql,Reinforcement Learning,43,3-6-4-1-5-2-7-0-,552.317
14c.sql,Reinforcement Learning,26,2-6-7-5-1-3-4-0-,1236.45
19a.sql,Reinforcement Learning,91,7-2-5-3-8-9-6-0-4-1-,1188.74
16c.sql,Reinforcement Learning,16,3-5-7-4-2-1-6-0-,802.175
4b.sql,Reinforcement Learning,11,0-2-4-3-1-,79.256
3a.sql,Reinforcement Learning,8,0-2-3-1-,903.812
1b.sql,Reinforcement Learning,9,1-3-4-2-0-,89.794
18a.sql,Reinforcement Learning,15,1-3-0-5-6-4-2-,884.491
15b.sql,Reinforcement Learning,48,1-5-7-8-4-0-6-3-2-,449.137
26b.sql,Reinforcement Learning,80,6-9-8-0-5-1-4-3-10-11-7-2-,648.291
19c.sql,Reinforcement Learning,48,7-0-2-9-6-1-5-3-4-8-,1249.65
17f.sql,Reinforcement Learning,27,2-4-0-5-3-1-6-,1006.91
27c.sql,Reinforcement Learning,85,5-9-10-11-8-6-0-1-2-7-4-3-,1032.09
6c.sql,Reinforcement Learning,16,1-2-0-3-4-,250.338
32a.sql,Reinforcement Learning,17,5-3-2-0-1-4-,261.999
11d.sql,Reinforcement Learning,18,2-5-6-7-3-4-1-0-,293.723
19d.sql,Reinforcement Learning,53,7-2-9-6-4-5-3-8-1-0-,2306.93
4c.sql,Reinforcement Learning,15,1-3-2-0-4-,175.165
26a.sql,Reinforcement Learning,97,6-9-0-1-4-3-8-5-10-11-2-7-,986.602
10c.sql,Reinforcement Learning,74,0-1-4-5-3-2-6-,938.754
5b.sql,Reinforcement Learning,10,0-2-4-3-1-,98.666
9b.sql,Reinforcement Learning,30,5-0-2-1-6-4-3-7-,694.826
10b.sql,Reinforcement Learning,52,2-4-1-0-3-5-6-,807.025
6a.sql,Reinforcement Learning,11,1-2-0-3-4-,286.846
30a.sql,Reinforcement Learning,62,6-9-0-11-2-3-10-8-1-5-7-4-,1437.59
31a.sql,Reinforcement Learning,41,1-5-10-8-4-0-7-9-3-6-2-,1502.41
8b.sql,Reinforcement Learning,29,4-0-1-6-5-3-2-,463.309
2d.sql,Reinforcement Learning,9,1-3-4-2-0-,260.161
15a.sql,Reinforcement Learning,54,3-6-7-8-5-2-1-4-0-,546.983
15c.sql,Reinforcement Learning,68,3-6-7-4-8-5-0-1-2-,612.218
2c.sql,Reinforcement Learning,11,0-2-3-4-1-,191.634
21a.sql,Reinforcement Learning,60,2-6-7-8-5-3-4-0-1-,965.696
17a.sql,Reinforcement Learning,17,2-4-0-5-3-1-6-,881.664
13c.sql,Reinforcement Learning,81,8-5-1-6-7-3-2-4-0-,178.392
31b.sql,Reinforcement Learning,42,4-8-10-7-6-3-2-0-9-5-1-,1442.8
20c.sql,Reinforcement Learning,30,5-7-0-1-4-3-8-9-6-2-,956.329
7b.sql,Reinforcement Learning,61,6-1-7-4-3-5-2-0-,287.622
21c.sql,Reinforcement Learning,31,2-6-5-8-7-3-4-1-0-,1049.44
7c.sql,Reinforcement Learning,60,5-1-4-6-7-3-0-2-,1038.01
25b.sql,Reinforcement Learning,30,3-6-8-5-4-1-2-0-7-,1175.1
9d.sql,Reinforcement Learning,26,5-2-7-4-6-3-1-0-,1129.87
14a.sql,Reinforcement Learning,27,2-6-7-5-1-4-0-3-,1201.98
25a.sql,Reinforcement Learning,33,3-6-0-7-8-4-1-5-2-,1290.48
12c.sql,Reinforcement Learning,46,3-6-5-2-7-4-1-0-,801.331
16d.sql,Reinforcement Learning,16,3-5-7-4-2-1-6-0-,734.616
20a.sql,Reinforcement Learning,46,3-4-9-6-7-5-0-2-1-8-,744.527
6e.sql,Reinforcement Learning,14,1-2-0-3-4-,339.656
3c.sql,Reinforcement Learning,9,0-2-1-3-,1201.62
8c.sql,Reinforcement Learning,18,5-1-6-4-3-2-0-,3292.33
11b.sql,Reinforcement Learning,32,3-6-4-0-5-2-1-7-,88.381
21b.sql,Reinforcement Learning,32,2-6-7-8-3-5-4-0-1-,558.074
24a.sql,Reinforcement Learning,76,5-8-2-9-1-11-10-7-4-6-3-0-,1263.24
1a.sql,Reinforcement Learning,9,1-3-4-2-0-,132.107
23a.sql,Reinforcement Learning,91,10-6-8-9-4-5-7-3-2-0-1-,577.895
22a.sql,Reinforcement Learning,48,4-9-10-8-3-5-7-6-0-1-2-,920.037
17c.sql,Reinforcement Learning,16,5-0-4-2-6-3-1-,479.611
30b.sql,Reinforcement Learning,48,6-9-11-8-7-5-4-3-10-0-2-1-,1382.97
3b.sql,Reinforcement Learning,8,0-2-3-1-,504.228
18b.sql,Reinforcement Learning,15,2-4-6-3-1-0-5-,1264.45
1c.sql,Reinforcement Learning,9,1-3-4-2-0-,88.008
31c.sql,Reinforcement Learning,42,1-5-8-4-10-0-6-2-9-7-3-,2228.51
7a.sql,Reinforcement Learning,24,2-6-5-0-1-4-3-7-,353.6
4a.sql,Reinforcement Learning,9,1-3-4-2-0-,131.882
16b.sql,Reinforcement Learning,24,3-5-1-6-4-2-0-7-,2610.54
18c.sql,Reinforcement Learning,33,5-0-3-4-2-1-6-,2093.61
20b.sql,Reinforcement Learning,33,3-4-7-9-5-8-6-0-2-1-,552.661
9a.sql,Reinforcement Learning,25,5-0-2-1-4-3-6-7-,849.145
22c.sql,Reinforcement Learning,46,4-9-10-7-2-5-8-3-6-0-1-,1361.01
22d.sql,Reinforcement Learning,70,4-9-10-7-5-2-6-0-8-3-1-,1381.51
2b.sql,Reinforcement Learning,13,1-3-4-2-0-,278.61
8d.sql,Reinforcement Learning,18,5-1-6-4-3-2-0-,788.723
32b.sql,Reinforcement Learning,16,5-3-2-0-1-4-,262.564
9c.sql,Reinforcement Learning,34,5-0-2-1-4-3-7-6-,928.377
12b.sql,Reinforcement Learning,27,2-5-7-6-3-4-0-1-,265.869
17b.sql,Reinforcement Learning,16,5-0-4-2-6-3-1-,646.28
1d.sql,Reinforcement Learning,9,1-3-4-2-0-,87.798
13a.sql,Reinforcement Learning,27,0-5-1-6-3-8-4-7-2-,782.449
25c.sql,Reinforcement Learning,30,3-6-0-8-7-4-1-5-2-,2178.84
6b.sql,Reinforcement Learning,12,4-2-1-0-3-,287.31
2a.sql,Reinforcement Learning,13,1-3-4-2-0-,258.967
13d.sql,Reinforcement Learning,32,2-7-5-1-0-6-3-8-4-,1266.43
14b.sql,Reinforcement Learning,23,2-6-7-3-4-0-5-1-,1174.99
24b.sql,Reinforcement Learning,99,5-8-11-7-2-1-4-6-9-10-3-0-,1220.2
29b.sql,Reinforcement Learning,99,9-12-16-11-5-13-14-7-15-0-8-4-10-6-1-2-3-,962.107
33a.sql,Reinforcement Learning,99,4-12-11-6-13-5-7-10-3-0-8-1-9-2-,313.274
28a.sql,Reinforcement Learning,99,7-12-0-13-1-11-10-9-6-3-4-5-8-2-,1362.96
33c.sql,Reinforcement Learning,99,6-11-12-13-10-4-7-0-3-5-9-2-8-1-,324.947
28c.sql,Reinforcement Learning,99,7-12-13-0-2-11-6-8-1-10-5-9-3-4-,1330.94
19b.sql,Reinforcement Learning,99,7-2-6-4-0-1-5-3-8-9-,1036.6
24a.sql,Reinforcement Learning,99,5-8-2-9-1-0-10-7-11-4-6-3-,1268.62
23a.sql,Reinforcement Learning,99,8-9-4-10-0-1-6-5-7-3-2-,615.675
29c.sql,Reinforcement Learning,99,9-12-5-16-1-3-15-13-2-0-4-14-8-11-7-10-6-,1434.03
27a.sql,Reinforcement Learning,99,5-9-11-8-10-0-1-2-6-7-3-4-,686.532
33b.sql,Reinforcement Learning,99,4-12-11-13-10-6-8-9-2-1-3-5-7-0-,291.987
28b.sql,Reinforcement Learning,99,7-12-13-11-0-1-6-10-5-2-8-9-3-4-,750.165
27b.sql,Reinforcement Learning,99,5-9-10-6-8-11-0-1-7-3-4-2-,630.579
29a.sql,Reinforcement Learning,99,9-12-16-11-5-14-4-8-13-10-6-0-15-7-1-2-3-,1121.98
30c.sql,Reinforcement Learning,75,6-9-3-11-0-1-8-5-2-10-7-4-,2143.78
6f.sql,Reinforcement Learning,10,1-2-0-4-3-,1313.86
22b.sql,Reinforcement Learning,57,4-9-10-6-8-1-7-0-3-2-5-,885.508
6d.sql,Reinforcement Learning,13,3-0-2-4-1-,419.096
17d.sql,Reinforcement Learning,16,5-0-4-2-6-3-1-,536.838
13b.sql,Reinforcement Learning,47,4-8-5-1-6-3-0-7-2-,228.423
17e.sql,Reinforcement Learning,21,2-4-0-3-1-6-5-,1927.63
5a.sql,Reinforcement Learning,11,0-2-3-4-1-,121.317
15d.sql,Reinforcement Learning,60,6-7-3-8-4-0-5-2-1-,461.704
16a.sql,Reinforcement Learning,25,7-5-3-1-0-6-4-2-,533.345
11c.sql,Reinforcement Learning,28,2-5-6-7-3-4-0-1-,276.746
10a.sql,Reinforcement Learning,23,2-4-3-6-1-0-5-,841.843
11a.sql,Reinforcement Learning,36,3-6-4-0-7-1-5-2-,140.546
5c.sql,Reinforcement Learning,12,0-2-3-1-4-,1253.17
8a.sql,Reinforcement Learning,27,4-0-1-3-2-5-6-,554.397
12a.sql,Reinforcement Learning,32,3-6-4-1-5-0-2-7-,548.404
14c.sql,Reinforcement Learning,29,2-6-7-5-1-3-4-0-,1234.01
19a.sql,Reinforcement Learning,95,7-0-2-1-9-6-4-5-3-8-,1190.38
16c.sql,Reinforcement Learning,16,3-5-7-4-2-1-6-0-,779.552
4b.sql,Reinforcement Learning,10,0-2-4-3-1-,78.4
3a.sql,Reinforcement Learning,8,0-2-3-1-,903.907
1b.sql,Reinforcement Learning,9,1-3-4-2-0-,88.644
18a.sql,Reinforcement Learning,15,1-3-0-5-6-4-2-,888.271
15b.sql,Reinforcement Learning,67,1-5-7-8-4-0-6-3-2-,457.542
23c.sql,Reinforcement Learning,89,4-8-9-10-6-5-7-3-0-1-2-,608.855
26b.sql,Reinforcement Learning,59,6-9-8-0-5-1-4-10-3-2-11-7-,629.242
19c.sql,Reinforcement Learning,80,7-2-9-6-1-4-5-3-8-0-,1230.16
17f.sql,Reinforcement Learning,16,2-4-0-5-3-6-1-,1005.02
27c.sql,Reinforcement Learning,70,5-9-10-11-8-6-7-3-0-2-1-4-,1031.29
6c.sql,Reinforcement Learning,16,1-2-0-3-4-,251.829
32a.sql,Reinforcement Learning,16,5-3-2-0-1-4-,261.678
11d.sql,Reinforcement Learning,29,2-5-6-7-4-0-1-3-,295.566
19d.sql,Reinforcement Learning,58,7-2-9-6-4-5-3-1-8-0-,2308.59
4c.sql,Reinforcement Learning,11,1-3-2-0-4-,174.403
26a.sql,Reinforcement Learning,70,6-9-0-1-4-3-10-2-8-5-11-7-,982.383
10c.sql,Reinforcement Learning,48,0-1-4-3-5-6-2-,935.144
5b.sql,Reinforcement Learning,12,0-2-3-4-1-,107.214
9b.sql,Reinforcement Learning,26,5-0-2-1-6-7-4-3-,697.632
10b.sql,Reinforcement Learning,17,2-4-3-1-5-0-6-,800.118
6a.sql,Reinforcement Learning,10,1-2-0-4-3-,283.516
30a.sql,Reinforcement Learning,87,6-9-0-11-7-3-10-1-4-2-8-5-,1445.42
23b.sql,Reinforcement Learning,51,5-9-8-10-6-4-7-3-0-1-2-,516.69
31a.sql,Reinforcement Learning,41,1-5-8-4-10-0-7-9-3-6-2-,1471.15
8b.sql,Reinforcement Learning,29,4-0-1-5-3-2-6-,464.001
2d.sql,Reinforcement Learning,9,1-3-4-2-0-,278.679
15a.sql,Reinforcement Learning,33,3-6-7-8-0-4-5-2-1-,580.824
15c.sql,Reinforcement Learning,81,6-7-8-4-5-2-3-1-0-,626.86
2c.sql,Reinforcement Learning,10,0-2-4-3-1-,202.365
21a.sql,Reinforcement Learning,63,2-6-5-8-4-0-1-7-3-,973.964
17a.sql,Reinforcement Learning,17,2-4-0-5-3-1-6-,877.462
13c.sql,Reinforcement Learning,45,8-5-4-1-0-6-7-3-2-,179.091
31b.sql,Reinforcement Learning,50,4-8-10-7-6-2-3-0-9-5-1-,1442.86
20c.sql,Reinforcement Learning,46,5-7-0-1-4-3-8-2-9-6-,957.101
7b.sql,Reinforcement Learning,72,6-1-7-4-2-3-0-5-,287.363
21c.sql,Reinforcement Learning,45,2-6-7-8-5-3-4-0-1-,1019.86
7c.sql,Reinforcement Learning,37,5-1-4-3-7-0-6-2-,1044.44
25b.sql,Reinforcement Learning,29,3-6-8-4-1-0-7-5-2-,1169.07
9d.sql,Reinforcement Learning,28,5-2-7-4-3-1-6-0-,1124.93
14a.sql,Reinforcement Learning,24,2-6-7-5-4-0-1-3-,1202.9
25a.sql,Reinforcement Learning,34,3-6-0-7-8-4-5-2-1-,1286.08
12c.sql,Reinforcement Learning,27,3-6-5-7-2-4-0-1-,804.547
16d.sql,Reinforcement Learning,16,3-5-7-4-2-1-6-0-,751.792
20a.sql,Reinforcement Learning,60,3-4-9-7-6-5-0-1-8-2-,742.681
6e.sql,Reinforcement Learning,24,1-2-0-3-4-,335.417
3c.sql,Reinforcement Learning,9,0-2-1-3-,1202.96
8c.sql,Reinforcement Learning,18,5-1-6-4-3-2-0-,3282.71
11b.sql,Reinforcement Learning,44,3-6-4-0-1-5-2-7-,87.74
21b.sql,Reinforcement Learning,34,2-6-7-8-5-4-0-1-3-,557.233
1a.sql,Reinforcement Learning,9,1-3-4-2-0-,131.865
22a.sql,Reinforcement Learning,43,4-9-10-8-3-7-6-2-5-1-0-,917.398
26c.sql,Reinforcement Learning,95,6-9-0-4-3-11-2-7-10-1-8-5-,1001.74
17c.sql,Reinforcement Learning,16,5-0-4-2-6-3-1-,479.259
30b.sql,Reinforcement Learning,68,6-9-11-3-10-8-7-4-0-5-1-2-,1391.32
3b.sql,Reinforcement Learning,8,0-2-3-1-,505.332
18b.sql,Reinforcement Learning,19,2-4-6-3-0-1-5-,1259.51
1c.sql,Reinforcement Learning,9,1-3-4-2-0-,89.707
31c.sql,Reinforcement Learning,54,1-5-8-4-10-6-7-3-0-2-9-,2233.52
7a.sql,Reinforcement Learning,38,2-6-5-0-1-7-4-3-,354.839
4a.sql,Reinforcement Learning,9,1-3-4-2-0-,131.746
16b.sql,Reinforcement Learning,24,3-5-1-6-4-2-0-7-,2611.53
18c.sql,Reinforcement Learning,23,5-0-3-6-1-4-2-,2090
20b.sql,Reinforcement Learning,49,3-4-7-9-6-8-5-0-1-2-,558.994
9a.sql,Reinforcement Learning,32,5-0-2-1-4-3-7-6-,845.007
22c.sql,Reinforcement Learning,87,4-9-10-7-2-5-8-3-6-1-0-,1357.27
22d.sql,Reinforcement Learning,51,4-9-10-7-8-3-2-5-6-1-0-,1370.32
2b.sql,Reinforcement Learning,13,1-3-4-2-0-,293.147
8d.sql,Reinforcement Learning,19,5-1-6-4-3-2-0-,787.938
32b.sql,Reinforcement Learning,19,5-3-2-0-1-4-,263.16
9c.sql,Reinforcement Learning,45,5-0-2-1-6-4-3-7-,945.896
12b.sql,Reinforcement Learning,30,2-5-7-6-3-4-0-1-,264.968
17b.sql,Reinforcement Learning,16,5-0-4-2-6-3-1-,645.652
1d.sql,Reinforcement Learning,9,1-3-4-2-0-,88.642
13a.sql,Reinforcement Learning,28,0-5-1-6-3-7-2-8-4-,780.453
25c.sql,Reinforcement Learning,30,3-6-0-8-7-4-5-2-1-,2151.39
6b.sql,Reinforcement Learning,11,4-2-1-0-3-,285.78
2a.sql,Reinforcement Learning,11,1-3-4-2-0-,258.571
13d.sql,Reinforcement Learning,32,2-7-5-1-0-6-3-8-4-,1274.37
14b.sql,Reinforcement Learning,27,2-6-7-4-3-0-5-1-,1176.74